"Name","Path","Size","Date Modified"
"(C85 [雪陽炎 (KANZUME)] ロスト艦は帰らない (艦隊これくしょん-艦これ-) [DL版].zip","J:\_Happy_Lesson\_Going_to_sort\_Compressed","12746375","2014/2/20 12:02"
"(C85) (同人CG集) [JoyDivision (jd)] Twisted Tenderness (ああっ女神さまっ).zip","J:\_Happy_Lesson\_Going_to_sort\_同人CG","83959945","2014/2/5 7:07"
"(C85) (同人CG集) [LolitaChannel (ありがせしんじ)] ラ○ライブはぁはぁCG集 (ラブライブ!).zip","J:\_Happy_Lesson\_Manga\Sorted_By_Author\LolitaChannel (ありがせしんじ)","1457053","2014/3/20 5:03"
"(C85) (同人アニメ) [131231][RJ126556][ぽこもぷれみあむ] 「巨乳×限界×絵巻」.rar","J:\_Happy_Lesson\_Anime\_Unsorded_同人アニメ","518050400","2014/1/2 13:46"
"(C85) (同人ゲーム) [140104][RJ127023][私立さくらんぼ乳学校] 淫獣の檻 女子高生廃工場監禁レイプ DL版 (files).rar","J:\_Happy_Lesson\_Anime\同人アニメ\私立さくらんぼ小学校","1949016886","2014/1/11 5:58"
"(C85) (同人誌) [23.4ド (イチリ)] Triangle Sympathy (アウトブレイク・カンパニー 萌える侵略者).zip","J:\_Happy_Lesson\_Manga\Sorted_By_Author\23.4ド (イチリ)","43506432","2014/1/24 6:18"
"(C85) (同人誌) [23.4ド (イチリ)] 提督のご褒美ちょうだいなのね (艦隊これくしょん-艦これ-).zip","J:\_Happy_Lesson\_Manga\Sorted_By_Author\23.4ド (イチリ)","33490337","2014/1/24 6:18"
"(C85) (同人誌) [40010壱号 (40010試作型)] Eat the Orange in the Bath (ToLOVEる-とらぶる-).zip","J:\_Happy_Lesson\_Manga\Sorted_By_Author\40010壱号 (40010試作型)","15303316","2014/1/9 4:21"
"(C85) (同人誌) [AERODOG (inu)] 秘書艦の北上さまだよ。 (艦隊これくしょん -艦これ-).zip","J:\_Happy_Lesson\_Unread","35770377","2015/8/11 8:16"
"(C85) (同人誌) [AMP (野良黒ネロ)] ハーレムブレイクカンパニー (アウトブレイク・カンパニー).zip","J:\_Happy_Lesson\_Manga\Sorted_By_Author\AMP(野良黒ネロ)","31498294","2014/1/4 2:17"
"(C85) (同人誌) [AXZ (九手児)] Angel's stroke 76 寝物語2式 (化物語).zip","J:\_Happy_Lesson\_Manga\Sorted_By_Author\AXZ(九手児)","25109583","2014/1/26 0:39"
"(C85) (同人誌) [AXZ (九手児)] Angel's stroke 77 淫フィニット シャ◎ロット! (インフィニット・ストラトス).zip","J:\_Happy_Lesson\_Manga\Sorted_By_Author\AXZ(九手児)","17577028","2014/1/26 0:39"
"(C85) (同人誌) [baroQue (じぇーむら)] エリコトシヨ (オリジナル).zip","J:\_Happy_Lesson\_Manga\Sorted_By_Author\baroQue (J村)","67130299","2015/1/14 14:33"
"(C85) (同人誌) [COOL BRAIN (木谷さい)] 処女戦艦ハルハル (蒼き鋼のアルペジオ).zip","J:\_Happy_Lesson\_Going_to_sort\_Compressed","34794796","2014/1/29 23:22"
"(C85) (同人誌) [DECOッパチ (ヒヂリレイ)] しまかぜイッきまーす！ (艦隊これくしょん-艦これ-).zip","J:\_Happy_Lesson\_Manga\Sorted_By_Author\DECOッパチ (ヒヂリレイ)","23389264","2014/1/19 1:09"
"(C85) (同人誌) [Digital Lover (なかじまゆか)] D.L. action83 (ソードアート・オンライン).zip","J:\_Happy_Lesson\_Manga\Sorted_By_Author\Digital Lover (なかじまゆか)","10936373","2014/1/4 3:14"
"(C85) (同人誌) [EINSATZ GRUPPE (チャーリーにしなか)] 軍艦のひみつ その1 (艦隊これくしょん -艦これ-).zip","J:\_Happy_Lesson\_Manga\Sorted_By_Author\チャーリーにしなか","26769621","2014/2/2 2:33"
"(C85) (同人誌) [EROQUIS! (ブッチャーU)] インランロンパ (ダンガンロンパ).zip","J:\_Happy_Lesson\_Manga\Sorted_By_Author\EROQUIS! (ブッチャーU)","36549868","2014/1/19 1:12"
"(C85) (同人誌) [FreeStyleQuartet (空想)] ご奉仕女将と若様と.zip","J:\_Happy_Lesson\_Manga\Sorted_By_Author\FreeStyleQuartet (空想)","53103887","2014/11/8 10:41"
"(C85) (同人誌) [HEART-WORK (鈴平ひろ)] Waiting for you.zip","J:\_Happy_Lesson\_Manga\Sorted_By_Author\HEART-WORK(鈴平ひろ)","15736221","2014/2/9 0:33"
"(C85) (同人誌) [HIGH RISK REVOLUTION (あいざわひろし)] アイアンボトムサウンド (艦隊これくしょん-艦これ-).zip","J:\_Happy_Lesson\_Manga\Sorted_By_Author\HIGH RISK REVOLUTION (あいざわひろし)","17112917","2014/1/9 4:21"
"(C85) (同人誌) [MANITOU (中島零)] 島風さんと長門さん (艦隊これくしょん-艦これ-).zip","J:\_Happy_Lesson\_Manga\Sorted_By_Author\MANITOU (中島零)","15453437","2014/1/19 1:11"
"(C85) (同人誌) [Navy Blue (神楽七姫)] こんな佳奈多Afterえくすたしー (Little Busters!).zip","J:\_Happy_Lesson\_Going_to_sort\_Compressed","35397116","2014/1/11 14:17"
"(C85) (同人誌) [odin (黒川IZUMI)] Asgirls 2 (咲 -Saki-).zip","J:\_Happy_Lesson\_Manga\Sorted_By_Author\odin (黒川IZUMI)","11194267","2014/1/9 4:21"
"(C85) (同人誌) [pinvise (涼月くらら)] Evolution of Morisummer (中二病でも恋がしたい!).zip","J:\_Happy_Lesson\_Manga\Sorted_By_Author\pinvise (涼月くらら)","18766881","2014/1/4 3:26"
"(C85) (同人誌) [private Garden (鶴崎貴大)] 提督のカットイン装備で一撃大破デース！！ (艦隊これくしょん-艦これ-).zip","J:\_Happy_Lesson\_Manga\Sorted_By_Author\Private Garden (鶴崎貴大)","34316058","2014/1/9 4:21"
"(C85) (同人誌) [Private Garden (鶴崎貴大)] 提督のカットイン装備で一撃大破デース！！ (艦隊これくしょん-艦これ-)[別スキャン].zip","J:\_Happy_Lesson\_Manga\Sorted_By_Author\Private Garden (鶴崎貴大)","19445095","2014/2/14 3:25"
"(C85) (同人誌) [ROJIURA JACK (Jun)] 花＊花 (監獄学園).zip","J:\_Happy_Lesson\_Manga\Sorted_By_Author\Jun","46885455","2014/1/17 23:26"
"(C85) (同人誌) [RUBBISH選別隊(無望菜志)] RE 19 (Fate／Stay Night).zip","J:\_Happy_Lesson\_Manga\Sorted_By_Author\無望菜志(RUBBISH選別隊)","53184026","2014/1/19 1:12"
"(C85) (同人誌) [slice slime (108号)] デュノアさん教育的指導ですっ! (IS＜インフィニット・ストラトス＞).zip","J:\_Happy_Lesson\_Going_to_sort\_Compressed","13987795","2015/1/18 0:08"
"(C85) (同人誌) [STUDIOあんしん (椎茸宮どんこ)] しまかぜZZZ (艦隊これくしょん-艦これ-).zip","J:\_Happy_Lesson\_Manga\Sorted_By_Author\STUDIOあんしん (椎茸宮どんこ)","58223780","2014/1/25 1:39"
"(C85) (同人誌) [STUDIOふあん (来鈍)] 乳なのはさん公園調教編フルカラー版 (魔法少女リリカルなのは).zip","J:\_Happy_Lesson\_Manga\Sorted_By_Author\Studioふあん(来鈍)","40599031","2014/1/25 1:36"
"(C85) (同人誌) [STUDIOふあん (来鈍)] 着たままフェイトちゃん (魔法少女リリカルなのは).zip","J:\_Happy_Lesson\_Manga\Sorted_By_Author\Studioふあん(来鈍)","144000639","2014/1/25 1:38"
"(C85) (同人誌) [STUDIOふあん (来鈍)] 雪風ちゃんともう仲良くしないで！ (艦隊これくしょん-艦これ-).zip","J:\_Happy_Lesson\_Manga\Sorted_By_Author\Studioふあん(来鈍)","126813727","2014/1/25 1:38"
"(C85) (同人誌) [TIES (タケイオーキ)] ダメ提督製造レシピ (艦隊これくしょん -艦これ-).zip","J:\_Happy_Lesson\_Manga\Sorted_By_Author\TIES (タケイオーキ)","57676801","2014/2/14 3:26"
"(C85) (同人誌) [TwinBox (草草饅, 花花捲)] カンムスノジカン～艦娘の時間～ (艦隊これくしょん-艦これ-).zip","J:\_Happy_Lesson\_Manga\Sorted_By_Author\TwinBox (草草饅, 花花捲)","39602894","2014/2/14 3:25"
"(C85) (同人誌) [Wish～希望の翼 (櫻野露)] Paradise Drink ～ハートをください、ご主人様～3 (パズル&ドラゴンズ).zip","J:\_Happy_Lesson\_Manga\Sorted_By_Author\Wish～希望の翼～ (櫻野露)","35769615","2014/1/11 14:17"
"(C85) (同人誌) [ああ愛してる (たいしょう田中)] ハジメテウツウツ2 (ガッチャマンクラウズ).zip","J:\_Happy_Lesson\_Manga\Sorted_By_Author\ああ愛してる (たいしょう田中)","31495312","2014/1/19 1:12"
"(C85) (同人誌) [いにゅ小屋 (いにゅっち)] 司令官さんはセクハラさんなのです! 姉妹姦 (艦隊これくしょん-艦これ-).zip","J:\_Happy_Lesson\_Manga\Sorted_By_Author\いにゅ小屋","48059861","2014/1/24 6:18"
"(C85) (同人誌) [うにの種 (uni8)] うにの気まぐれ本2 (艦隊これくしょん-艦これ-) [DL版].zip","J:\_Happy_Lesson\_Manga\Sorted_By_Author\うにの種","1387372","2014/1/24 6:17"
"(C85) (同人誌) [おたべ★ダイナマイツ (おたべさくら)] おしおき! イクのぬるぬるソープタイム (艦隊これくしょん-艦これ-) [DL版].zip","J:\_Happy_Lesson\_Manga\Sorted_By_Author\おたべ★ダイナマイツ (おたべさくら)","34973575","2014/3/10 11:29"
"(C85) (同人誌) [がいなもん (夏の紅茶)] ホンネのココロ (艦隊これくしょん -艦これ-).zip","J:\_Happy_Lesson\_Going_to_sort\_Compressed","30085439","2014/1/9 4:20"
"(C85) (同人誌) [しらたまこ (しらたま)]] のんのんシンドローム (のんのんびより).zip","J:\_Happy_Lesson\_Going_to_sort\_Compressed","28546942","2014/1/21 2:15"
"(C85) (同人誌) [せとらん (イトウせと、タンノらん)] glad glad (東方Project).zip","J:\_Happy_Lesson\_Going_to_sort\_Compressed","109602096","2014/1/18 23:39"
"(C85) (同人誌) [だらぶち堂 (だらぶち)] CONCEIVE (ペルソナ3).zip","J:\_Happy_Lesson\_Manga\Sorted_By_Author\だらぶち堂 (だらぶち)","61361920","2014/1/18 23:39"
"(C85) (同人誌) [にらたま(せきはら)] 天龍田定食おかわり! (艦隊これくしょん-艦これ-).zip","J:\_Happy_Lesson\_Going_to_sort\_Compressed","117031198","2014/1/16 4:37"
"(C85) (同人誌) [ぱいんとさいず (TKS, きとは)] ジャンプているず12 ニセ○イばれちゃいました (ニセコイ) [DL版].zip","J:\_Happy_Lesson\_Manga\Sorted_By_Author\ぱいんとさいず (和尚吹,TKS）","33223177","2014/2/11 22:12"
"(C85) (同人誌) [ぺたパン (あきのそら)] 凪のうらがわ (凪のあすから).zip","J:\_Happy_Lesson\_Manga\Sorted_By_Author\あきのそら","18027352","2014/1/2 21:58"
"(C85) (同人誌) [ぽぽちち (八尋ぽち)] 金剛・榛名ちゃん快 (艦隊これくしょん -艦これ-).zip","J:\_Happy_Lesson\_Manga\Sorted_By_Author\ぽぽちち (八尋ぽち)","24606971","2014/1/3 13:35"
"(C85) (同人誌) [まごの亭 (夏庵)] カユミドメ10ホウメ (インフィニット・ストラトス).zip","J:\_Happy_Lesson\_Manga\Sorted_By_Author\まごの亭 (夏庵)","14688003","2014/1/6 1:22"
"(C85) (同人誌) [もすまん (へんりいだ)] 100RTされたらえっちします (オリジナル).zip","J:\_Happy_Lesson\_Manga\Sorted_By_Author\もすまん(へんりいだ)","7738943","2014/2/2 0:18"
"(C85) (同人誌) [わくわく動物園 (天王寺キツネ)] 人妻金剛 (艦隊これくしょん -艦これ-).zip","J:\_Happy_Lesson\_Manga\Sorted_By_Author\わくわく動物園 (天王寺きつね)","34961640","2014/2/2 2:34"
"(C85) (同人誌) [グリーンケチャップ (珍緑)] 真宵三昧 (化物語).zip","J:\_Happy_Lesson\_Manga\Sorted_By_Author\グリーンケチャップ (珍緑)","53658264","2014/1/18 23:41"
"(C85) (同人誌) [ジョウ・レン騎士団 (kiasa)] 青子BLUE4 (魔法使いの夜).zip","J:\_Happy_Lesson\_Manga\Sorted_By_Author\ジョウ・レン騎士団 (kiasa)","54141262","2014/1/19 1:12"
"(C85) (同人誌) [スタジオBIG-X (ありのひろし)] MOUSOU THEATER44 (艦隊これくしょん-艦これ-).zip","J:\_Happy_Lesson\_Manga\Sorted_By_Author\スタジオBIG-X (ありのひろし)","20301516","2014/1/6 1:22"
"(C85) (同人誌) [スタジオひまわり (日向恭介)] 大金星☆ (艦隊これくしょん-艦これ-) [DL版].zip","J:\_Happy_Lesson\_Manga\Sorted_By_Author\スタジオ☆ひまわり (日向恭介)","19298482","2014/1/26 15:28"
"(C85) (同人誌) [スパイシーラブスヘブン (かみ田)] Murakumo ha Gouchin Shimashita. (艦隊これくしょん-艦これ-).zip","J:\_Happy_Lesson\_Manga\Sorted_By_Author\スパイシーラブスヘブン","28651898","2014/1/19 1:10"
"(C85) (同人誌) [チョキの神さま & わんわん堂 (間坦りょうた)] Warm Winter (よろず).zip","J:\_Happy_Lesson\_Manga\Sorted_By_Author\チョキの神さま & わんわん堂","62188239","2014/1/12 17:53"
"(C85) (同人誌) [ディエップ工房 (あるぴーぬ)] CODA (艦隊これくしょん -艦これ-).zip","J:\_Happy_Lesson\_Manga\Sorted_By_Author\DIEPPE FACTORY (あるぴーぬ)","27150610","2014/2/2 2:33"
"(C85) (同人誌) [トラ屋 (ITOYOKO)] 潮乳 (艦隊これくしょん -艦これ-).zip","J:\_Happy_Lesson\_Going_to_sort\_Compressed","26758907","2014/11/11 10:20"
"(C85) (同人誌) [ノビタグラフ (いしがな)] いちごオフタイム (アイカツ!).zip","J:\_Happy_Lesson\_Manga\Sorted_By_Author\ノビタグラフ (いしがな)","16453411","2014/1/19 1:09"
"(C85) (同人誌) [プリン海ヨーグルト(ちり)] CxMxK NOTE III (オリジナル).zip","J:\_Happy_Lesson\_Going_to_sort\_Compressed","18321399","2014/2/2 2:33"
"(C85) (同人誌) [ロリポップコンプリート (恋小いろり)] ふにゃんのことひろってよ!2 (東方Project).zip","J:\_Happy_Lesson\_Manga\Sorted_By_Author\ロリポップコンプリート(恋小いろり)","8957866","2014/1/24 23:22"
"(C85) (同人誌) [七つの鍵穴(七鍵智志)] 瑞々Lovers (艦隊これくしょん-艦これ-) [DL版].zip","J:\_Happy_Lesson\_Manga\Sorted_By_Author\七つの鍵穴 (七鍵智志)","54149943","2014/1/20 2:09"
"(C85) (同人誌) [悪転奏進 (黒糖ニッケ)] 艦娘着妊電出産鬼畜姦 (艦隊これくしょん -艦これ-) [DL版].zip","J:\_Happy_Lesson\_Manga\Sorted_By_Author\悪転奏進 (黒糖ニッケ)","21016856","2014/1/9 4:20"
"(C85) (同人誌) [暗中模索 (まるころんど)] フラメンコな少女たちの絵本 (サムライフラメンコ).zip","J:\_Happy_Lesson\_Manga\Sorted_By_Author\暗中模索 (まるころんど)","16283366","2014/1/6 1:22"
"(C85) (同人誌) [毒とんこつ肉ドレイ (他の人)] ヤらない善よりヤる偽善 (オリジナル).zip","J:\_Happy_Lesson\_Manga\Sorted_By_Author\毒とんこつ肉ドレイ (他の人)","18442193","2014/1/5 2:04"
"(C85) (同人誌) [涙穴庵 (涙目)] 穴る舞 六 (Kanon).zip","J:\_Happy_Lesson\_Manga\Sorted_By_Author\涙穴庵 (涙目)","32682863","2014/1/19 1:10"
"(C85) (同人誌) [秘密結社M (北原亜希)] HOW TO BUILD NIKUBENKI (ガンダムビルドファイターズ).zip","J:\_Happy_Lesson\_Manga\Sorted_By_Author\秘密結社M","53813492","2014/1/19 1:11"
"(C85) (同人誌) [第6基地(キチロク)] コトリのクスリ (ラブライブ!).zip","J:\_Happy_Lesson\_Manga\Sorted_By_Author\第6基地 (キチロク)","109875183","2014/1/16 4:35"
"(C85) (同人誌) [絶対少女 (RAITA)] 魔法少女 12.0 (オリジナル).zip","J:\_Happy_Lesson\_Manga\Sorted_By_Author\絶対少女 (Raita)","31121349","2014/1/18 1:22"
"(C85) (同人誌) [絶望しろむじ (しょうさん坊主)] Smiley PiXies 5 (オリジナル).zip","J:\_Happy_Lesson\_Manga\Sorted_By_Author\絶望しろむじ(しょうさん坊主)","38872018","2014/1/4 3:26"
"(C85) (同人誌) [自宅異常あり! (にぃと)] 真姫ちゃんを犯すだけの本 (ラブライブ!).zip","J:\_Happy_Lesson\_Unread","16163989","2015/8/8 9:14"
"(C85) (同人誌) [茶菓子裁判 (山吹ムック)] 茶菓子裁判のおまけ本 (インフィニット・ストラトス).zip","J:\_Happy_Lesson\_Going_to_sort\_Compressed","6017333","2014/1/5 2:03"
"(C85) (同人誌) [赤兎 (復八磨直兎)] ゼシカとおふろはいるだけの本 (アクエリオンEVOL).zip","J:\_Happy_Lesson\_Manga\Sorted_By_Author\赤兎 (復八磨直兎)","48927506","2014/1/18 23:37"
"(C85) (同人誌) [関西オレンジ(荒井啓)] 空母ハ白灯蛾ノ夢ヲミルカ(艦隊これくしょん-艦これ-).zip","J:\_Happy_Lesson\_Manga\Sorted_By_Author\関西オレンジ (荒井啓)","93537936","2014/1/15 6:45"
"(C85) (同人誌) [餅屋] 恋する島風ちゃんとヘンタイ提督2 (艦これ) (エロ).zip","J:\_Happy_Lesson\_Manga\Sorted_By_Author\餅屋 (かろちー)","37180800","2014/2/14 23:09"
"(C85) (同人誌) [黒社 (クロイノ)] いつかの夏休み (オリジナル).zip","J:\_Happy_Lesson\_Going_to_sort\_Compressed","13744511","2014/1/9 4:19"
"(C85) [+14] 艦の缶詰め.zip","J:\_Happy_Lesson\_Going_to_sort\_Compressed","86210818","2014/4/24 1:33"
"(C85) [04U (陵たすく)] テイトクノ チンジュプデ チャクショウ シマシタ (艦隊これくしょん -艦これ-).zip","J:\_Happy_Lesson\_Going_to_sort\_Compressed","46941069","2014/2/20 4:28"
"(C85) [1000000000 (Billion)] えろほん4 マン貫 (咲-saki).zip","J:\_Happy_Lesson\_Manga\Sorted_By_Author\1000000000 (Billion)","21474698","2014/1/10 8:07"
"(C85) [100Acre (わだつみ)] たゆみなき空から (艦隊これくしょん -艦これ-).zip","J:\_Happy_Lesson\_Going_to_sort\_Compressed","58764044","2014/4/20 11:25"
"(C85) [14ロリータ (でこちんハンマー)] Virgin Wind (艦隊これくしょん -艦これ-).zip","J:\_Happy_Lesson\_Manga\Sorted_By_Author\14ロリータ (でこちんハンマー)","42407637","2014/8/12 14:07"
"(C85) [4%Liar (A・Loveる)] カナコレ (アイドルマスター シンデレラガールズ).zip","J:\_Happy_Lesson\_Manga\Sorted_By_Author\4%Liar (A・Loveる)","10605806","2014/2/10 1:35"
"(C85) [5年目の放课后(カントク)] 立ち読み専用 vol.34.zip","J:\_Happy_Lesson\_Manga\Sorted_By_Author\5年目の放課後 (カントク)","25801620","2014/1/20 2:10"
"(C85) [666PROTECT (甚六)] 風香とひみつの身体測定 (よつばと!).zip","J:\_Happy_Lesson\_Manga\Sorted_By_Author\666プロテクト(甚六)","19514532","2014/2/17 8:52"
"(C85) [774ハウス (774)] 深海棲艦化艦娘レポート (艦隊これくしょん-艦これ-).zip","J:\_Happy_Lesson\_Manga\Sorted_By_Author\774ハウス (774)","148651430","2014/1/15 4:43"
"(C85) [abgrund (さいかわゆさ)] みちしおちゃんのあかちゃんはどこからくるの？.zip","J:\_Happy_Lesson\_Manga\Sorted_By_Author\abgrund (さいかわゆさ)","10782843","2014/2/13 13:34"
"(C85) [abgrund (さいかわゆさ)] 大和は提督と恋したい 2 (艦隊これくしょん-艦これ-).zip","J:\_Happy_Lesson\_Manga\Sorted_By_Author\abgrund (さいかわゆさ)","21682529","2014/1/2 21:59"
"(C85) [Absolute Girl (大泉学園魔法少女繪, 桜井光)] 絶対純白魔法少女ドラマCD～魔法少女用新型戦闘衣装について～小冊子.zip","J:\_Happy_Lesson\_Going_to_sort\_Compressed","29268417","2014/8/12 11:29"
"(C85) [all over the Place (駄菓子)] もや●もん2 TALES OF KEI 蛍本 (もやしもん).zip","J:\_Happy_Lesson\_Manga\Sorted_By_Author\駄菓子","143197713","2014/7/5 1:10"
"(C85) [ARCH (ぷらむ)] なかよしなかよしなかよし (戦姫絶唱シンフォギア).zip","J:\_Happy_Lesson\_Manga\Sorted_By_Author\ARCH (ぷらむ)","38628749","2014/3/5 14:09"
"(C85) [ARCHANGEL (綾小路はるか)] PRISMA☆NIGHT CLUB (Fate／kaleid liner プリズマ☆イリヤ).zip","J:\_Happy_Lesson\_Going_to_sort\_Compressed","31423030","2014/3/2 17:03"
"(C85) [ARE (ちぇる)] 姦むす痴漢電車 改二 (艦隊これくしょん -艦これ-).zip","J:\_Happy_Lesson\_Manga\Sorted_By_Author\ARE (華師)","22376541","2014/8/11 10:38"
"(C85) [Argyle◇checkとわんとんランド組合 (こまめ丸)] こまちゃんちっちゃくないよ! (のんのんびより).zip","J:\_Happy_Lesson\_Going_to_sort\_Compressed","15811301","2014/1/22 4:03"
"(C85) [ArkEmerald (七瀬瑞穂)] 島風これくしょん (艦隊これくしょん -艦これ-).zip","J:\_Happy_Lesson\_Manga\Sorted_By_Author\Ark Emerald(七瀬瑞穂)","30048813","2014/7/15 14:51"
"(C85) [atSD (つねよし)] 最終戦艦カノジョ長門型 (艦隊これくしょん -艦これ-).zip","J:\_Happy_Lesson\_Manga\Sorted_By_Author\atSD (つねよし)","9572823","2014/2/10 9:25"
"(C85) [AYUEST (あゆや)] 今宵の夢は波、波、波 (艦隊これくしょん-艦これ-) [cn].zip","J:\_Happy_Lesson\_Manga\Sorted_By_Author\AYUEST (万国あゆや)","21098711","2014/1/5 15:52"
"(C85) [AYUEST (あゆや)] 今宵の夢は波、波、波 (艦隊これくしょん-艦これ-).zip","J:\_Happy_Lesson\_Manga\Sorted_By_Author\AYUEST (万国あゆや)","43161302","2014/4/7 6:51"
"(C85) [Azure (かごのとり)] カエダーマ大作戦 (アイドルマスター シンデレラガールズ).zip","J:\_Happy_Lesson\_Going_to_sort\_Compressed","81885914","2015/2/1 2:51"
"(C85) [baroQue (J村)] エリコトシヨ [DL版].zip","J:\_Happy_Lesson\_Manga\Sorted_By_Author\baroQue (J村)","38114154","2013/12/31 4:55"
"(C85) [BERRY BAGEL (兼清みわ)] AT&T (艦隊これくしょん-艦これ-).zip","J:\_Happy_Lesson\_Going_to_sort\_Compressed","41051062","2014/1/13 1:13"
"(C85) [Bitch牧場 (牧場主K)] GIRLS MEET DQN'S TINPO (IS＜インフィニット・ストラトス＞).zip","J:\_Happy_Lesson\_Going_to_sort\_Compressed","28802722","2014/2/14 6:04"
"(C85) [Blue Devil (NAZ)] BlueDevil × NAZ Game Illustrations (オリジナル).zip","J:\_Happy_Lesson\_Manga\Sorted_By_Author\Blue Devil","102963492","2014/3/16 1:15"
"(C85) [bolze. (rit.)] 水着温泉回を薄い本で改竄してみる (ガンダムビルドファイターズ).zip","J:\_Happy_Lesson\_Manga\Sorted_By_Author\bolze. (rit.)","53261257","2014/3/23 3:58"
"(C85) [bolze. (rit.)] 百合しーず(鎮守湯の巻・妙高四姉妹の巻) (艦隊これくしょん -艦これ-).zip","J:\_Happy_Lesson\_Manga\Sorted_By_Author\bolze. (rit.)","44908894","2014/3/23 3:57"
"(C85) [Brown sugar (宮坂なこ)] 幼なじみに甘えてもいいですか？.zip","J:\_Happy_Lesson\_Manga\Sorted_By_Author\Brown sugar (宮坂なこ)","95253817","2014/12/31 5:19"
"(C85) [Byousatsu Tanukidan (Saeki Tatsuya)] 提督は遅くても絶対大丈夫!!.zip","J:\_Happy_Lesson\_Going_to_sort\_Compressed","40822342","2014/7/7 9:21"
"(C85) [C.O.2 (かにゃぴぃ、くれりて、上腕、秋月伊槻、その他…)] AIKATSU! -DARK LABEL- (アイカツ！).zip","J:\_Happy_Lesson\_Manga\Sorted_By_Author\かに家 (かにゃぴぃ)","65695849","2014/2/24 3:07"
"(C85) [C.R's NEST (しーあーる, 雅川佐倉)] 箝口令3-かんこれ3- (艦隊これくしょん -艦これ-).zip","J:\_Happy_Lesson\_Manga\Sorted_By_Author\C.R's NEST (しーあーる, 雅川佐倉)","106332484","2014/2/8 4:46"
"(C85) [C2機関] 提督の冬休み。.zip","J:\_Happy_Lesson\_Going_to_sort\_Compressed","46443848","2014/1/22 12:30"
"(C85) [CANVAS+GARDEN (宮坂みゆ)] 今日から地球人の妹になりました。(オリジナル).zip","J:\_Happy_Lesson\_Manga\Sorted_By_Author\ CANVAS+GARDEN ( 宮坂みゆ）","94320893","2014/1/29 23:24"
"(C85) [Cat Food (なぱた)] しぶりんっぽいの! (アイドルマスター シンデレラガールズ).zip","J:\_Happy_Lesson\_Manga\Sorted_By_Author\Cat FooD (なぱた)","50388347","2014/3/9 11:42"
"(C85) [CAZA MAYOR (つつみあかり)] 太陽トシスコンムーン (幻影ヲ駆ケル太陽).zip","J:\_Happy_Lesson\_Manga\Sorted_By_Author\CAZA MAYOR (つつみあかり)","20254909","2014/3/16 4:28"
"(C85) [CDPA (ANICD, MILKCOW, MOONZERO)] HEVENS MAKE CROSS MAKE総集編Vol.1 (フリージング).zip","J:\_Happy_Lesson\_Manga\Sorted_By_Author\CDPA (Moonzero, Milkcow, ANICD, etc)","339583548","2014/4/8 3:53"
"(C85) [Chemi-Story (夏媛柚蘭)] 貧乏の国のアリス (オリジナル).zip","J:\_Happy_Lesson\_Going_to_sort\_Compressed","26361327","2014/6/19 23:46"
"(C85) [Cherry＊pepper (Yukian)] 加賀さんのおクチ (艦隊これくしょん -艦これ-).zip","J:\_Happy_Lesson\_Manga\Sorted_By_Author\峠桜屋 (Yukian)","3746467","2014/7/7 0:38"
"(C85) [chested (特)] 知らないLOVE教えて (ラブライブ!).zip","J:\_Happy_Lesson\_Manga\Sorted_By_Author\chested (特)","101284804","2014/11/1 10:23"
"(C85) [Circle ARE (華師)] 姦むす痴漢電車 改二 (艦隊これくしょん -艦これ-).zip","J:\_Happy_Lesson\_Manga\Sorted_By_Author\ARE (華師)","37437192","2014/9/26 5:43"
"(C85) [circle six (緑青黒羽)] 仕事の前には瑞鳳と (艦隊これくしょん-艦これ- ).zip","J:\_Happy_Lesson\_Manga\Sorted_By_Author\circle six (緑青黒羽)","16851788","2014/1/22 4:03"
"(C85) [CITRON (山田あこ)] またたきのあいだに (魔法少女まどかマギカ).zip","J:\_Happy_Lesson\_Manga\Sorted_By_Author\CITRON, 福屋 (山田あこ, たまつー)","216570526","2014/1/6 4:25"
"(C85) [Crazy9 (いちたか)] C9-08 イクの育性日記 (艦隊これくしょん-艦これ-).zip","J:\_Happy_Lesson\_Manga\Sorted_By_Author\Crazy9 (いちたか)","55950506","2014/11/30 13:46"
"(C85) [CREAYUS (嵐月)] Bubbles Noise (コードギアス).zip","J:\_Happy_Lesson\_Manga\Sorted_By_Author\CREAYUS (嵐月)","64092825","2014/3/8 15:01"
"(C85) [CROSS HEARTS (綾瀬はづき)] Love Tonight (艦隊これくしょん-艦これ-).zip","J:\_Happy_Lesson\_Manga\Sorted_By_Author\CROSS HEARTS (綾瀬はづき)","9948198","2014/4/2 2:47"
"(C85) [D-baird (Beなんとか)] デレクモ (艦隊これくしょん -艦これ-).zip","J:\_Happy_Lesson\_Manga\Sorted_By_Author\D-baird) D-baird (Beなんとか)","26910161","2014/2/24 3:05"
"(C85) [D.N.A.Lab. (ミヤスリサ)] TENDER (艦隊これくしょん -艦これ-).zip","J:\_Happy_Lesson\_Manga\Sorted_By_Author\D・N・A.Lab., CHRONOLOG (ミヤスリサ, 桜沢いづみ)","22881788","2014/4/11 6:25"
"(C85) [Dark battery (茗荷)] おにいちゃんとレッスン (ToLOVEる-とらぶる-).zip","J:\_Happy_Lesson\_Manga\Sorted_By_Author\黒電池 (茗荷)","11775248","2015/1/22 11:52"
"(C85) [DEEP&PEEP (スー・ド・ニム, 隅田かずあさ)] 魔法少女が俺と一緒にいる理由.zip","J:\_Happy_Lesson\_Going_to_sort\_Compressed","9699864","2014/8/11 10:39"
"(C85) [Diablo (けんたろう, H9)] Harem Root (俺の妹がこんなに可愛いわけがない).rar","J:\_Happy_Lesson\_Manga\Sorted_By_Author\けんたろう","96688837","2014/6/27 8:08"
"(C85) [Digital Lover (なかじまゆか)] D.L. action82 (艦隊これくしょん-艦これ-).zip","J:\_Happy_Lesson\_Manga\Sorted_By_Author\Digital Lover (なかじまゆか)","21897368","2014/1/2 21:59"
"(C85) [DROP DEAD!! (水瀬修)] しっこい vol.2 (ニセコイ).zip","J:\_Happy_Lesson\_Manga\Sorted_By_Author\DROP DEAD!! (水瀬修)","24839552","2014/7/15 14:52"
"(C85) [EAR-POP (みさぎ和)] ゆのプラス×卒業編 (ひだまりスケッチ).zip","J:\_Happy_Lesson\_Manga\Sorted_By_Author\EAR-POP (みさぎ和)","14081945","2014/1/2 21:58"
"(C85) [EDGE (ED)] EDの新キャラ鬼子さんとじゅりりん奈々代、あと浅田さんのエロい本。 (オリジナル).zip","J:\_Happy_Lesson\_Manga\Sorted_By_Author\サークルED (ED)","50452740","2014/4/21 23:47"
"(C85) [Erect Touch (Erect Sawaru)] QUEEN'S SLAVE 4 (Queen's Blade) [CAMERA].zip","J:\_Happy_Lesson\_Manga\Sorted_By_Author\ERECT TOUCH (エレクトさわる)","82652876","2014/2/24 6:41"
"(C85) [ERECT TOUCH (エレクトさわる)] QUEEN'S SLAVE 4 (クイーンズブレイド).zip","J:\_Happy_Lesson\_Manga\Sorted_By_Author\ERECT TOUCH (エレクトさわる)","12714305","2014/3/16 2:54"
"(C85) [ERECT TOUCH (エレクトさわる)] 慰安戦艦ナガト (艦隊これくしょん -艦これ-).zip","J:\_Happy_Lesson\_Manga\Sorted_By_Author\ERECT TOUCH (エレクトさわる)","20481924","2014/5/19 2:13"
"(C85) [Es_Lab (Lithla)] 寝取肉便姫.zip","J:\_Happy_Lesson\_Manga\Sorted_By_Author\Es_Lab","50524302","2014/1/20 2:14"
"(C85) [ESSENTIA (藤真拓哉)] 駆逐艦これくしょん (艦隊これくしょん-艦これ-).zip","J:\_Happy_Lesson\_Manga\Sorted_By_Author\ESSENTIA (藤真拓哉)","25875245","2014/4/30 1:12"
"(C85) [excess m] おねショタ 野球編 (オリジナル) [DL版].zip","J:\_Happy_Lesson\_Going_to_sort\_Compressed","28086276","2014/1/31 23:24"
"(C85) [fake69rose (夜凪朝妃)] すーぱーストレンジLOVE (すーぱーそに子).zip","J:\_Happy_Lesson\_Going_to_sort\_Compressed","21024939","2014/11/8 8:07"
"(C85) [FAKESTAR (美春)] AA (ゴッドイーター).zip","J:\_Happy_Lesson\_Manga\Sorted_By_Author\FAKESTAR (美春)","41385381","2014/1/23 6:29"
"(C85) [Fatalpulse (朝凪)] VictimGirls16 Children of the bottom (艦隊これくしょん-艦これ-).zip","J:\_Happy_Lesson\_Manga\Sorted_By_Author\Fatalpulse (朝凪)","29452930","2014/1/8 8:44"
"(C85) [Fatalpulse (朝凪)] 画礫16 (艦隊これくしょん-艦これ-) [Chinese].zip","J:\_Happy_Lesson\_Manga\Sorted_By_Author\Fatalpulse (朝凪)","10241860","2014/1/2 9:16"
"(C85) [flowerchild植田] べつのいきもの (魔法少女まどか☆マギカ).zip","J:\_Happy_Lesson\_Manga\Sorted_By_Author\flowerchild植田","26511030","2014/3/17 1:06"
"(C85) [Forest Village(あゆっこ)] まどほむかぞくごっこ～続々・わたしの、最高のお嫁さん。～ (魔法少女まどか☆マギカ).zip","J:\_Happy_Lesson\_Going_to_sort\_Compressed","41738726","2014/1/12 1:56"
"(C85) [Forever and ever (英戦)] 装甲空母大鳳一斉点検 (艦隊これくしょん -艦これ-).zip","J:\_Happy_Lesson\_Going_to_sort\_Compressed","17961296","2014/3/27 12:07"
"(C85) [FRAC (もとみやみつき)] 加賀さんの気分が高揚する素敵な飲料 (艦隊これくしょん-艦これ-) [cn].zip","J:\_Happy_Lesson\_Manga\Sorted_By_Author\FRAC (もとみやみつき)","10668092","2014/2/6 8:53"
"(C85) [FULLMETAL MADNESS (旭)] ATG (艦隊これくしょん -艦これ-).zip","J:\_Happy_Lesson\_Manga\Sorted_By_Author\FULLMETAL MADNESS (旭)","33449701","2014/3/19 5:39"
"(C85) [furuike (スミヤ)] Sextet Girls (よろず).zip","J:\_Happy_Lesson\_Manga\Sorted_By_Author\スミヤ","152634609","2014/7/21 11:20"
"(C85) [GALVAS (神吉)] 僕の神様 (オリジナル) [DL版].zip","J:\_Happy_Lesson\_Going_to_sort\_Compressed","33460082","2014/2/22 15:54"
"(C85) [Garimpeiro (まめでんきゅう)] ユメコイ (ニセコイ).zip","J:\_Happy_Lesson\_Manga\Sorted_By_Author\Garimpeiro (まめでんきゅう)","11407429","2014/2/24 3:30"
"(C85) [Grace (よこやまなおき)] 絶対服従!王様ゲームと凛ちゃんなう! (アイドルマスター シンデレラガールズ) [DL版].zip","J:\_Happy_Lesson\_Manga\Sorted_By_Author\Grace (よこやまなおき)","55612650","2014/7/23 22:57"
"(C85) [grand-nauts (広瀬まどか)] Juicy (beatmania).zip","J:\_Happy_Lesson\_Manga\Sorted_By_Author\grand-nauts (広瀬 まどか)","7632098","2014/1/7 5:56"
"(C85) [grand-nauts (広瀬まどか)] juicy (SOUND VOLTEX).zip","J:\_Happy_Lesson\_Manga\Sorted_By_Author\grand-nauts (広瀬 まどか)","7632098","2014/1/7 5:09"
"(C85) [HBO (変熊)] 強制：P智絵里色 極大アップ (アイドルマスター).zip","J:\_Happy_Lesson\_Manga\Sorted_By_Author\HBO (変熊)","61248514","2014/8/13 11:36"
"(C85) [Headless (空)] スクライブ! (ラブライブ!).zip","J:\_Happy_Lesson\_Going_to_sort\_Compressed","55197864","2014/7/15 19:47"
"(C85) [Heart's Nest (キグナステルコ)] えっちなほこら 不思議の城下町 (ドラゴンクエスト3).zip","J:\_Happy_Lesson\_Going_to_sort\_Compressed","21954984","2014/5/6 14:49"
"(C85) [Heaven's Gate (安藤智也)] こんがり娘-祭- (けいおん!).zip","J:\_Happy_Lesson\_Manga\Sorted_By_Author\Heaven's Gate (安藤智也)","17955261","2014/1/17 5:44"
"(C85) [Heavy Bunny Addiction (うさぎなごむ)] 狂蝶の夢.zip","J:\_Happy_Lesson\_Manga\Sorted_By_Author\Heavy Bunny Addiction (うさぎなごむ)","19117356","2014/11/12 7:08"
"(C85) [hhb (mos_yen)] hhbartworks_4 (フェアリーフェンサーエフ).zip","J:\_Happy_Lesson\_Going_to_sort\_Compressed","18230462","2014/2/24 3:08"
"(C85) [HJUKISM (彦馬ヒロユキ)] イリヤドール (Fate／kaleid liner プリズマ☆イリヤ).zip","J:\_Happy_Lesson\_Going_to_sort\_Compressed","50666267","2014/2/25 4:36"
"(C85) [HMA (日吉ハナ)] Midnight Combat! (艦隊これくしょん -艦これ-).zip","J:\_Happy_Lesson\_Manga\Sorted_By_Author\内々けやき(ブロンコ一人旅)","44023367","2014/7/22 16:50"
"(C85) [I'm (ながな)] Rapid Stream (艦隊これくしょん -艦これ-).zip","J:\_Happy_Lesson\_Going_to_sort\_Compressed","46338937","2014/1/15 4:41"
"(C85) [Ice Sugar (うた乃)] お兄ちゃん、起きて。(オリジナル).zip","J:\_Happy_Lesson\_Manga\Sorted_By_Author\Ice Sugar (うた乃)","49418651","2014/1/30 9:48"
"(C85) [In The Sky (中乃空)] 金剛おとめちっく (艦隊これくしょん-艦これ-).zip","J:\_Happy_Lesson\_Manga\Sorted_By_Author\In The Sky (中乃空)","23661203","2014/3/9 17:02"
"(C85) [Ink Complex (智弘カイ)] 避妊は大切じゃん (艦隊これくしょん-艦これ-).zip","J:\_Happy_Lesson\_Manga\Sorted_By_Author\Ink Complex (智弘カイ)","13020382","2014/4/2 2:47"
"(C85) [INSERT (KEN)] アヘン姫っ！3 (マケン姫っ!).zip","J:\_Happy_Lesson\_Manga\Sorted_By_Author\INSERT (KEN)","13592685","2014/4/7 2:24"
"(C85) [inspi. (和泉凛)] 機姦少女 (機巧少女は傷つかない) [DL版].zip","J:\_Happy_Lesson\_Going_to_sort\_Compressed","20548253","2014/1/4 14:13"
"(C85) [JON] ふぇらぼん。II [DL版].zip","J:\_Happy_Lesson\_Going_to_sort\_Compressed","5911798","2014/8/11 10:30"
"(C85) [kanemasita (かねた)] わたしのていとく (艦隊これくしょん-艦これ-).zip","J:\_Happy_Lesson\_Manga\Sorted_By_Author\Tengallonhat (かねた)","42493171","2014/3/30 2:20"
"(C85) [KAROMIX (karory)] かんこれみっくす(艦隊これくしょん -艦これ-).zip","J:\_Happy_Lesson\_Manga\Sorted_By_Author\KAROMIX (karory)","6349440","2014/1/11 4:09"
"(C85) [KFC (YU)] 加賀さん (艦隊これくしょん -艦これ-).zip","J:\_Happy_Lesson\_Manga\Sorted_By_Author\KFC, Water Wheel (白田太, YU)","17186322","2014/2/14 23:03"
"(C85) [KI-SofTWarE (エレクトさわる 検見川もんど 電気将軍 他)] CrossinG KnighTMarE ThE SacreD BooK (オリジナル).zip","J:\_Happy_Lesson\_Going_to_sort\_Compressed","176942431","2014/2/5 3:20"
"(C85) [KOKIKKO (せせなやう)] 榛名 全力で参ります! (艦隊これくしょん -艦これ-).zip","J:\_Happy_Lesson\_Manga\Sorted_By_Author\KOKIKKO (せせなやう)","37110740","2014/7/18 22:44"
"(C85) [kuma-puro (小路あゆむ)] らくぺら (よろず).zip","J:\_Happy_Lesson\_Manga\Sorted_By_Author\kuma-puro (小路あゆむ)","9632055","2014/1/30 23:29"
"(C85) [L.P.E.G. (まる寝子)] トランス“B”メイド (オリジナル).zip","J:\_Happy_Lesson\_Manga\Sorted_By_Author\L.P.E.G. (まる寝子)","28929392","2014/1/5 2:04"
"(C85) [Lagarto (英田舞)] 従順洋艦羽黒 (艦隊これくしょん-艦これ-).rar","J:\_Happy_Lesson\_Manga\Sorted_By_Author\Lagarto(英田舞)","14730558","2014/4/2 3:01"
"(C85) [LAMINARIA (しおこんぶ)] maple poison (アイドルマスター).zip","J:\_Happy_Lesson\_Manga\Sorted_By_Author\LAMINARIA (しおこんぶ)","39045932","2014/2/2 5:38"
"(C85) [Lazy★Lazy (梅干)] 耳なめぐらいおかしくないです! (アイドルマスター シンデレラガールズ).zip","J:\_Happy_Lesson\_Going_to_sort\_Compressed","10890314","2014/9/28 0:11"
"(C85) [LemonMaiden (蒼海)] LovelyBlackRabbitS (IS＜インフィニット・ストラトス＞).zip","J:\_Happy_Lesson\_Manga\Sorted_By_Author\LemonMaiden (蒼海)","72192887","2014/3/18 5:24"
"(C85) [LETRA (滝太郎)]おなじ服着た私たち (艦これ).zip","J:\_Happy_Lesson\_Manga\Sorted_By_Author\LETRA (滝太郎)","37513622","2014/6/24 23:02"
"(C85) [LilyLilyRose (みぶなつき)] DAMAGEinc (艦隊これくしょん -艦これ-).zip","J:\_Happy_Lesson\_Manga\Sorted_By_Author\Lily Lily Rose(みぶなつき)","31552860","2014/5/3 21:00"
"(C85) [Lithium (ウチガ)] 約束 Обещание (ゴッドイーター).zip","J:\_Happy_Lesson\_Going_to_sort\_Compressed","95411574","2015/7/21 22:08"
"(C85) [Littleollie (でぶらす)] 姫はもう16だから (アウトブレイク・カンパニー 萌える侵略者).zip","J:\_Happy_Lesson\_Going_to_sort\_Compressed","11814771","2014/7/21 2:21"
"(C85) [LOFLAT (Prime)] 秘書艦 加賀の悩み事 ( 艦隊これくしょん-艦これ-).zip","J:\_Happy_Lesson\_Going_to_sort\_Compressed","22378278","2014/1/6 1:26"
"(C85) [LolitaChannel] Yuumei Chara Kannou Shousetsu CG Collection No.265 ロウき○ーぶ！SS HaHa CG Syu (Ro-Kyu-Bu! SS).rar","J:\_Happy_Lesson\_Manga\Sorted_By_Author\LolitaChannel (ありがせしんじ)","1475096","2014/3/22 1:58"
"(C85) [Lonely Church (鈴音れな)] 性交の証 (モンスターハンター) [DL版].zip","J:\_Happy_Lesson\_Going_to_sort\_Compressed","24266667","2014/7/15 14:45"
"(C85) [LongHornTrain (ちょちょ)] 閃け!女神のラブキッスウォンド (ドキドキ！プリキュア、スマイルプリキュア！).zip","J:\_Happy_Lesson\_Manga\Sorted_By_Author\Long Horn Train (ちょちょ)","23094237","2014/2/24 3:08"
"(C85) [LOOPTHELOOP! (へるるん)] ボクのかわいいメイドさん。(アウトブレイク・カンパニー 萌える侵略者).zip","J:\_Happy_Lesson\_Manga\Sorted_By_Author\LOOPTHELOOP! (へるるん)","27758827","2014/2/21 4:29"
"(C85) [lunatic joker(月神るな)] innocence (アイドルマスター シンデレラガールズ).zip","J:\_Happy_Lesson\_Going_to_sort\_Compressed","42266029","2014/3/11 13:27"
"(C85) [make pig press (高坂曇天)] わっ、わが純潔…あなたにささげるわ (アイドルマスター シンデレラガールズ).zip","J:\_Happy_Lesson\_Manga\Sorted_By_Author\Sweet Avenue (カヅチ)","50683459","2014/3/12 10:29"
"(C85) [Manga Super (Nekoi Mie)] Himepako! (THE IDOLM@STER).zip","J:\_Happy_Lesson\_Going_to_sort\_Compressed","8809049","2015/3/19 23:26"
"(C85) [ManiacStreet (すがいし, オオノ)] ハレンチバケーション (ToLOVEる-とらぶる-).zip","J:\_Happy_Lesson\_Manga\Sorted_By_Author\Maniac Street","22234652","2014/1/3 6:47"
"(C85) [Marked-two (ひでお)] しゃぶづけびより (のんのんびより).zip","J:\_Happy_Lesson\_Manga\Sorted_By_Author\Marked-two","15963266","2014/1/19 1:10"
"(C85) [MeltdoWN COmet (雪雨こん)] 今日は妹が攻め (オリジナル).zip","J:\_Happy_Lesson\_Manga\Sorted_By_Author\MeltdoWN COmet (雪雨こん)","17109808","2014/1/30 23:30"
"(C85) [Mieow (らする)] Little Girl 8.zip","J:\_Happy_Lesson\_Going_to_sort\_Compressed","189869408","2014/9/28 8:17"
"(C85) [MIRAGE CAT (すいかソーダ)] new!!ぐらたんをめしあがれ (銀魂) [DL版].zip","J:\_Happy_Lesson\_Going_to_sort\_Compressed","17135020","2014/8/19 13:29"
"(C85) [Misty Isle (そりむらようじ)] くちくち！ (艦隊これくしょん -艦これ-) [別スキャン].zip","J:\_Happy_Lesson\_Manga\Sorted_By_Author\Misty Isle (そりむらようじ,反村幼児)","44810707","2014/8/11 10:37"
"(C85) [Misty Isle (そりむらようじ)] くちくち！落書き本 (艦隊これくしょん -艦これ-).zip","J:\_Happy_Lesson\_Manga\Sorted_By_Author\Misty Isle (そりむらようじ,反村幼児)","91750793","2014/3/23 5:35"
"(C85) [MOZUCHICHI (もずや紫)] 大人提督だって愛宕と高雄に甘えたい!! (艦隊これくしょん-艦これ-).zip","J:\_Happy_Lesson\_Manga\Sorted_By_Author\MOZUCHICHI (もずや紫)","33572023","2014/3/10 11:28"
"(C85) [Naitou2 (F4U)] the Pink 特撮ヒロイン掴まえた!!! partB (オリジナル).zip","J:\_Happy_Lesson\_Manga\Sorted_By_Author\Naitou2 (F4U)","37216119","2014/12/15 11:06"
"(C85) [NEEDLE GARDEN (かんとり)] 月の出潮 (艦隊これくしょん -艦これ-) [DL版].zip","J:\_Happy_Lesson\_Manga\Sorted_By_Author\NEEDLE GARDEN (かんとり)","37041645","2014/10/17 5:28"
"(C85) [NOSEBLEED (宮元一佐)] そにコン (すーぱーそに子).zip","J:\_Happy_Lesson\_Manga\Sorted_By_Author\NOSEBLEED (宮元一佐)","11797336","2014/4/27 2:17"
"(C85) [NtyPe (溝口ケージ)] 提督じゃーん、チッス(物理) (艦隊これくしょん-艦これ-) [Chinese].zip","J:\_Happy_Lesson\_Manga\Sorted_By_Author\NtyPe(溝口ケージ)","13863178","2014/1/17 13:13"
"(C85) [Number2 (たくじ)] アイドル100%膣内ライブ! (ラブライブ!) [無修正].zip","J:\_Happy_Lesson\_Manga\Sorted_By_Author\大友卓二 (Number2,たくじ)","24665142","2014/10/4 7:40"
"(C85) [Number2 (たくじ)] アイドル100%膣内ライブ！ （ラブライブ！）.zip","J:\_Happy_Lesson\_Manga\Sorted_By_Author\大友卓二 (Number2,たくじ)","20165005","2014/1/24 23:22"
"(C85) [N×Cてるみっと (Nohito)] どんな君でも愛してる (アイドルマスター シンデレラガールズ) [DL版].zip","J:\_Happy_Lesson\_Going_to_sort\_Compressed","145697657","2014/7/15 14:58"
"(C85) [obmas (おぶまんじゅう)] 鬼暮らし.zip","J:\_Happy_Lesson\_Going_to_sort\_Compressed","13893165","2015/4/18 10:21"
"(C85) [odin (黒川IZUMI)] Asgirls1 (艦隊これくしょん -艦これ-).zip","J:\_Happy_Lesson\_Manga\Sorted_By_Author\odin (黒川IZUMI)","40035976","2014/7/4 2:12"
"(C85) [Once Only (桃吹リオ)] 魔女の乳宴 (ドラゴンズクラウン).zip","J:\_Happy_Lesson\_Going_to_sort\_Compressed","51545160","2014/12/25 8:18"
"(C85) [ONEGROSS (144)] 3DR[風俗の王国ローラント] (聖剣伝説シリーズ).zip","J:\_Happy_Lesson\_Manga\Sorted_By_Author\ONEGROSS (144)","24185969","2014/3/9 4:01"
"(C85) [ONEGROSS (144)] トゥ・ダブルアール 弟姫[オトヒメ] (聖剣伝説シリーズ).zip","J:\_Happy_Lesson\_Manga\Sorted_By_Author\ONEGROSS (144)","24599148","2014/3/9 4:01"
"(C85) [orz(仮) (春名ヒスイ)] 佐久間まゆは運命が視える (アイドルマスター シンデレラガールズ).zip","J:\_Happy_Lesson\_Manga\Sorted_By_Author\とりあえず(仮) (とろろ)","72218766","2014/4/16 7:08"
"(C85) [OVing (おぶい)] 変態マリオネット (セイバーマリオネットJ).zip","J:\_Happy_Lesson\_Manga\Sorted_By_Author\OVing (おぶい)","35975705","2014/3/5 14:10"
"(C85) [P! (クルクル, 我野)] 機巧少女は喰べられない (機巧少女は傷つかない).zip","J:\_Happy_Lesson\_Going_to_sort\_Compressed","49054514","2014/3/3 0:44"
"(C85) [P.P.P(心野ありか)] ドーナツ「過」現象! (VOCALOID).zip","J:\_Happy_Lesson\_Going_to_sort\_Compressed","22467567","2014/8/15 12:06"
"(C85) [Pale Scarlet (松河)] やわらかせんかん (艦隊これくしょん -艦これ-).zip","J:\_Happy_Lesson\_Going_to_sort\_Compressed","7644848","2014/12/17 12:58"
"(C85) [PiT (なつきしゅり)] SisterComplex [DL版].zip","J:\_Happy_Lesson\_Going_to_sort\_Compressed","37143501","2014/7/15 14:45"
"(C85) [pit.ra.bit (丹羽香ゆあん)・P-Point (Pikazo)] On Your Mark !! (艦隊これくしょん -艦これ-).zip","J:\_Happy_Lesson\_Going_to_sort\_Compressed","26086716","2014/1/6 1:32"
"(C85) [Planet Matier (クサダ、神崎むゆ、やまもとかんぽに)] 芍薬・牡丹・縄と花 (絶対純白・魔法少女).zip","J:\_Happy_Lesson\_Manga\Sorted_By_Author\Planet Matier (クサダ、神崎むゆ、やまもとかんぽに)","21870650","2014/2/2 2:33"
"(C85) [PM1500 (いちこ)] 催眠DAYS.zip","J:\_Happy_Lesson\_Going_to_sort\_Compressed","64938881","2015/7/14 20:17"
"(C85) [PONDEMIX (雪國おまる)] IS-MIX (インフィニット・ストラトス).zip","J:\_Happy_Lesson\_Manga\Sorted_By_Author\PONDEMIX","22837922","2014/4/21 23:45"
"(C85) [pooca (白野じん)] 覚性魔王 (アイドルマスター).zip","J:\_Happy_Lesson\_Going_to_sort\_Compressed","27371116","2014/7/7 1:09"
"(C85) [Princess Heart (天海雪乃)] ぱいこれッ! (艦隊これくしょん -艦これ-).zip","J:\_Happy_Lesson\_Going_to_sort\_Compressed","20148375","2014/3/17 9:28"
"(C85) [PRISMATIC (蒼井遊美)] かしこいかわいいやらしいエリーチカ!! (ラブライブ!).zip","J:\_Happy_Lesson\_Going_to_sort\_Compressed","66729146","2014/3/3 11:06"
"(C85) [PROJECT KAGUYA (コーモ)] 教えて、先生 (オリジナル).zip","J:\_Happy_Lesson\_Going_to_sort\_Compressed","69538949","2014/1/29 23:25"
"(C85) [QUIET SLEEPER (アンミツ)] ふたりはナースエンジェル (オリジナル) [DL版].zip","J:\_Happy_Lesson\_Manga\Sorted_By_Author\QUIET SLEEPER (アンミツ)","36037556","2014/1/6 2:41"
"(C85) [R2 (らっこ)] アマアマ (ドラゴンズクラウン).zip","J:\_Happy_Lesson\_Manga\Sorted_By_Author\らっこ","24277636","2014/6/17 16:32"
"(C85) [RED CROWN (石神一威)] セシリアうさぎは発情中(IS＜インフィニット・ストラトス＞).zip","J:\_Happy_Lesson\_Manga\Sorted_By_Author\RED CROWN  (石神一威)","14356458","2014/1/13 1:43"
"(C85) [ReDrop (宮本スモーク, おつまみ)] コスまこ! (アイドルマスター).zip","J:\_Happy_Lesson\_Manga\Sorted_By_Author\redrop","93306107","2014/1/14 9:01"
"(C85) [ReDrop (宮本スモーク, おつまみ)] 響は発情期!？ (アイドルマスター).zip","J:\_Happy_Lesson\_Manga\Sorted_By_Author\redrop","96802334","2014/1/14 9:02"
"(C85) [REI's ROOM (REI)] 金剛と提督の秘密のお茶会 (艦隊これくしょん -艦これ-).zip","J:\_Happy_Lesson\_Manga\Sorted_By_Author\REI's ROOM (REI)","21748772","2014/8/11 10:35"
"(C85) [RIBI堂 (陽方暁)] マルカル司令の慰安任務 (コードギアス 亡国のアキト) [DL版].zip","J:\_Happy_Lesson\_Manga\Sorted_By_Author\RIBI堂 (陽方暁)","40087929","2014/2/14 3:24"
"(C85) [Rico-ba (Rico)] あなたのトナリで (オリジナル).zip","J:\_Happy_Lesson\_Manga\Sorted_By_Author\Rico-ba (Rico)","55813552","2014/1/28 22:15"
"(C85) [Rip@Lip (水原優)] イエナイコト [DL版].zip","J:\_Happy_Lesson\_Manga\Sorted_By_Author\Rip@Lip (水原優)","11429780","2014/10/14 22:34"
"(C85) [ROUND-HOUSE (季川良寧)] ぼくのえりなさま (食戟のソーマ).zip","J:\_Happy_Lesson\_Going_to_sort\_Compressed","76494665","2014/1/28 13:00"
"(C85) [ROUTE1 (平つくね)] 最初のぺんぎん (艦隊これくしょん -艦これ-).zip","J:\_Happy_Lesson\_Manga\Sorted_By_Author\ROUTE1(平つくね)","16623183","2014/3/18 5:23"
"(C85) [ROUTE1 (平つくね)] 迷子の赤ちゃんと迷子のあずささん (アイドルマスター).zip","J:\_Happy_Lesson\_Manga\Sorted_By_Author\ROUTE1(平つくね)","15779297","2014/10/9 12:55"
"(C85) [RRR (りおし、座敷)] 金剛デスが、鎮守府の空気がバーニングラブデース!-改- (艦隊これくしょん-艦これ-) [Chinese].zip","J:\_Happy_Lesson\_Going_to_sort\_Compressed","24046437","2014/1/20 12:37"
"(C85) [S-K-W (23, 折慎)] ふゆぼん.zip","J:\_Happy_Lesson\_Going_to_sort\_Compressed","54321663","2014/2/15 9:43"
"(C85) [SEM;COLON & moco chouchou (蜜キング,ひさまくまこ)] idOLiVE -Irish Coffee-.zip","J:\_Happy_Lesson\_Manga\Sorted_By_Author\SEM;COLON (蜜キング)","117511369","2014/1/23 10:48"
"(C85) [SEPIA (Ogata)] _PS Vol.10.zip","J:\_Happy_Lesson\_Manga\Sorted_By_Author\SEPIA (Ogata)","20398857","2014/8/12 14:06"
"(C85) [SHINING (しゃいあん)] 雷と夜戦してもいいんだよ (艦隊これくしょん -艦これ-).zip","J:\_Happy_Lesson\_Manga\Sorted_By_Author\SHINING (しゃいあん)","28032354","2014/2/21 4:30"
"(C85) [SIRIUS. (キリヤマ太一)] かすみちゃんとのべつまくなし5.zip","J:\_Happy_Lesson\_Going_to_sort\_Compressed","12798399","2014/9/30 0:47"
"(C85) [Sniff Dogs (氏家もく)] ぺどらるか と あなるかんぱにー (アウトブレイク・カンパニ).rar","J:\_Happy_Lesson\_Manga\Sorted_By_Author\Sniff Dogs (氏家もく)","190804052","2014/8/24 8:06"
"(C85) [SNOB NERD WORKS] 姦これ ~提督が艦娘を性的な目でしか見てくれなくてつらい~ (艦隊これくしょん -艦これ-).zip","J:\_Happy_Lesson\_Going_to_sort\_Compressed","22919388","2014/1/9 4:21"
"(C85) [spermation (たまつやだ さとうきみあつ)] えなじぃキョーカ!! 総集編① ヌキサポ編 (オリジナル).zip","J:\_Happy_Lesson\_Manga\Sorted_By_Author\spermation (たまつやだ さとうきみあつ)","158727027","2014/5/26 0:38"
"(C85) [spermation (たまつやだ さとうきみあつ)] えなじぃキョーカ!! 総集編② マングリ編 (オリジナル).zip","J:\_Happy_Lesson\_Manga\Sorted_By_Author\spermation (たまつやだ さとうきみあつ)","151603442","2014/5/26 0:38"
"(C85) [spermation (たまつやだ さとうきみあつ)] えなじぃキョーカ!! 総集編③ マジイキ編 (オリジナル).zip","J:\_Happy_Lesson\_Manga\Sorted_By_Author\spermation (たまつやだ さとうきみあつ)","124697987","2014/5/26 0:37"
"(C85) [SPT (かけなし, こうぐちもと)] 拘束少女2013 (オリジナル).zip","J:\_Happy_Lesson\_Going_to_sort\_Compressed","42044290","2015/2/17 6:51"
"(C85) [SSB (まりりん)] IS総集編 (IS＜インフィニット・ストラトス＞).zip","J:\_Happy_Lesson\_Manga\Sorted_By_Author\47sp & SSB","92313973","2014/7/26 0:41"
"(C85) [Studio Pal (南野琴)] Other Zone3～SURVEILLANT～.zip","J:\_Happy_Lesson\_Manga\Sorted_By_Author\南野琴(STUDIO PAL )","125303247","2014/2/6 5:00"
"(C85) [STUDIO PAL (南野琴)] 妹は僕の恋人～ないしょのイラスト本～ (オリジナル).zip","J:\_Happy_Lesson\_Manga\Sorted_By_Author\南野琴(STUDIO PAL )","47704728","2014/7/18 0:46"
"(C85) [STUDIO TIAMAT (TANABE)] BREAK BLUE MERCURY RISING (ブレイブルー).zip","J:\_Happy_Lesson\_Manga\Sorted_By_Author\STUDIO TIAMAT(TANABE)","17387944","2014/1/9 4:20"
"(C85) [STUDIO華とりぼん (ぷりぷり右衛門, ぷりぷり機甲師団)] のんのんなのん (のんのんびより).zip","J:\_Happy_Lesson\_Going_to_sort\_Compressed","72876423","2014/1/17 5:44"
"(C85) [Sugar Berry Syrup (クロエ)] えりな様は俺の性奴隷 (食戟のソーマ).zip","J:\_Happy_Lesson\_Manga\Sorted_By_Author\Sugar＊Berry＊Syrup (クロエ)","99379061","2014/1/15 7:25"
"(C85) [SUGAR MAPLE (ゆのどん)] 絶対不沈ビッグセブン (艦隊これくしょん -艦これ-).zip","J:\_Happy_Lesson\_Going_to_sort\_Compressed","18255058","2014/2/8 4:46"
"(C85) [T.cop (夏木きよひと)] フタゴヤマノボレ! (艦隊これくしょん -艦これ-).zip","J:\_Happy_Lesson\_Manga\Sorted_By_Author\T.cop (夏木きよひと)","17773025","2014/11/18 13:21"
"(C85) [T2 ART WORKS(Tony)] とにこれ (艦隊これくしょん -艦これ-).zip","J:\_Happy_Lesson\_Manga\Sorted_By_Author\TONY","85722226","2014/1/2 8:50"
"(C85) [TAIRAGI (燵成)] ER.zip","J:\_Happy_Lesson\_Going_to_sort\_Compressed","9092363","2014/4/13 1:40"
"(C85) [Take Out (是露巣)] 催眠コレクションvol1 (艦隊これくしょん -艦これ-).zip","J:\_Happy_Lesson\_Going_to_sort\_Compressed","52621943","2014/8/24 1:06"
"(C85) [Team Kihara (Mojarin), きっちゃん, Fatalpulse, hlz] エリーンペロペロ総集編 (TERA The Exiled Realm of Arborea).zip","J:\_Happy_Lesson\_Manga\Sorted_By_Author\とりあえず(仮) (とろろ)","16039461","2014/1/24 23:23"
"(C85) [Teamはれんち (ごや)] 青薔薇の城～オムツメイド触手交尾編～ (オリジナル) [DL版].zip","J:\_Happy_Lesson\_Going_to_sort\_Compressed","32715110","2014/1/28 22:15"
"(C85) [Tiramisu (郁橋むいこ)] 変態はじめました (オリジナル).zip","J:\_Happy_Lesson\_Manga\Sorted_By_Author\Tiramisu","59327317","2014/5/15 4:11"
"(C85) [Tiramisu] ビンボー神たいさん!.zip","J:\_Happy_Lesson\_Manga\Sorted_By_Author\Tiramisu","71479040","2014/5/15 7:25"
"(C85) [TUKIBUTO (氷樹一世)] ヒルガオの花 (艦隊これくしょん -艦これ-).zip","J:\_Happy_Lesson\_Manga\Sorted_By_Author\TUKIBUTO","38978330","2014/1/17 13:13"
"(C85) [TYPE-57 (ふらんべる)] TYPE-29 (恋愛ラボ).zip","J:\_Happy_Lesson\_Manga\Sorted_By_Author\TYPE-57 (ふらんべる)","48701667","2014/2/23 22:58"
"(C85) [Underwhite (broiler)] 夏の夢 (のんのんびより).zip","J:\_Happy_Lesson\_Unread","92905679","2015/8/5 19:59"
"(C85) [valssu (茶琉)] りんかんびより (のんのんびより).zip","J:\_Happy_Lesson\_Manga\Sorted_By_Author\valssu(茶琉)","12206651","2014/1/2 21:58"
"(C85) [VENOM (或十せねか, Rusty Soul)] endless25 (ラブライブ!) [DL版].zip","J:\_Happy_Lesson\_Manga\Sorted_By_Author\VENOM (或十せねか,Rusty Soul)","29100455","2014/3/22 1:52"
"(C85) [viento campanilla (すずはねすず)] Welcome To Black はーれむ ～げぼくかしっぱい～ (To LOVEる -とらぶる-).zip","J:\_Happy_Lesson\_Manga\Sorted_By_Author\viento campanilla (すずはねすず)","40305604","2014/3/2 17:06"
"(C85) [VISTA (オダワラハコネ)] ヤハギニスト (艦隊これくしょん-艦これ-).zip","J:\_Happy_Lesson\_Manga\Sorted_By_Author\VISTA (オダワラハコネ)","18584737","2014/4/2 2:50"
"(C85) [WASABI (畳)] フリカエリベリー (オリジナル).zip","J:\_Happy_Lesson\_Going_to_sort\_Compressed","239216464","2015/8/2 0:52"
"(C85) [Waterfall (嵩乃朔)] 春も夏も秋も冬も (ラブライブ!).zip","J:\_Happy_Lesson\_Manga\Sorted_By_Author\Waterfall (嵩乃朔)","151860304","2014/1/17 5:46"
"(C85) [Werk (安藤周記)] オシゴトアフター8 (アイドルマスター).zip","J:\_Happy_Lesson\_Manga\Sorted_By_Author\Werk (安藤周記)","43510882","2014/3/23 5:33"
"(C85) [WICKEDHEART (ZOOTAN)] バネッサカスタマイズ (ダンボール戦機).zip","J:\_Happy_Lesson\_Manga\Sorted_By_Author\Wicked Heart (ZooTAN)","47460808","2014/3/5 14:10"
"(C85) [Wing Kyanite (Kyanite)] ☆こんな魔法使いなんて絶対おかしいよ☆ (Fate／kaleid liner プリズマ☆イリヤ).zip","J:\_Happy_Lesson\_Going_to_sort\_Compressed","35255571","2014/3/2 17:03"
"(C85) [Wish～希望の翼～(櫻野露)] Make Love Not War! (艦隊これくしょん-艦これ-).zip","J:\_Happy_Lesson\_Manga\Sorted_By_Author\Wish～希望の翼～ (櫻野露)","20534502","2014/3/15 12:28"
"(C85) [Xration (mil)] 参上!鬼ヶ島 (ラグナロクオンライン).zip","J:\_Happy_Lesson\_Manga\Sorted_By_Author\Xration","43860794","2014/6/28 23:11"
"(C85) [YA-ZY (ゆにおし)] ソフィ無双おろち (無双OROCHI).zip","J:\_Happy_Lesson\_Manga\Sorted_By_Author\YA-ZY (ゆにおし)","55766148","2014/2/5 3:18"
"(C85) [Youjo定食] 新人入りました! 寅丸星編 (東方Project).zip","J:\_Happy_Lesson\_Going_to_sort\_Compressed","26525928","2014/5/18 1:17"
"(C85) [Σ-Arts (神毛物由宇)] 高雄お姉さんと入渠! (艦隊これくしょん -艦これ-).zip","J:\_Happy_Lesson\_Manga\Sorted_By_Author\Σ-Arts (神毛物由宇)","40160304","2014/8/11 10:37"
"(C85) [あいいろさくら (相川りょう)] 空母ヲ級ちゃんの島風百合奴隷調教1 (艦隊これくしょん -艦これ-).zip","J:\_Happy_Lesson\_Going_to_sort\_Compressed","13543509","2014/5/7 7:35"
"(C85) [あいがも堂 (あやかわりく)] 超々々弩級 (艦隊これくしょん -艦これ-).zip","J:\_Happy_Lesson\_Manga\Sorted_By_Author\あいがも堂 (あやかわりく)","22278652","2014/1/20 9:13"
"(C85) [あめ のち ゆき (あめとゆき)] かんむすこれくしょん 2 (艦隊これくしょん -艦これ-).zip","J:\_Happy_Lesson\_Manga\Sorted_By_Author\あめ のち ゆき (あめとゆき)","99134262","2014/2/20 7:07"
"(C85) [ありすの宝箱 (水龍敬)] Lost Reason (ファイナルファンタジー).zip","J:\_Happy_Lesson\_Manga\Sorted_By_Author\ありすの宝箱(水龍敬)","37854512","2014/1/29 6:48"
"(C85) [ありすの宝箱 (水龍敬)] the TEARS of JUPITER：MERCURY SHADOW4 (セーラームーン).zip","J:\_Happy_Lesson\_Manga\Sorted_By_Author\ありすの宝箱(水龍敬)","47960159","2014/1/29 6:49"
"(C85) [ありすの宝箱 (水龍敬)] YARIMAN (ARIA).zip","J:\_Happy_Lesson\_Manga\Sorted_By_Author\ありすの宝箱(水龍敬)","45059209","2014/1/29 6:49"
"(C85) [ありすの宝箱 (水龍敬)] 榛名全力で男漁り参ります (艦隊これくしょん-艦これ-).zip","J:\_Happy_Lesson\_Manga\Sorted_By_Author\ありすの宝箱(水龍敬)","7741650","2014/2/21 23:16"
"(C85) [あるぺじお (ワヲン)] 栞恋 (ビブリア古書堂の事件手帖).zip","J:\_Happy_Lesson\_Going_to_sort\_Compressed","44421835","2014/1/24 6:18"
"(C85) [あれ屋 (ホーミング)] プリあれ7-百合キュアデリバリー- (ドキドキ!プリキュア).rar","J:\_Happy_Lesson\_Manga\Sorted_By_Author\ホーミング","63228398","2014/3/11 9:00"
"(C85) [いちごぱんつ (カグユヅ)] 妄想空母ガール (艦隊これくしょん -艦これ-).zip","J:\_Happy_Lesson\_Manga\Sorted_By_Author\いちごぱんつ (カグユヅ)","13183293","2014/3/14 20:26"
"(C85) [いんとくいんふぉ (遠藤弘土)] 思春期の巫女ははじめてを捧げてでも兄様を お清めしたいっ! [DL版].zip","J:\_Happy_Lesson\_Manga\Sorted_By_Author\いんとくいんふぉ (遠藤弘土)","23362666","2014/7/8 23:17"
"(C85) [うすべに屋 (うすべに桜子)] 龍○が、全部、してあげる (艦隊これくしょん -艦これ-) [DL版].zip","J:\_Happy_Lesson\_Manga\Sorted_By_Author\うすべに屋 (うすべに桜子)","33102460","2015/3/2 18:18"
"(C85) [うつらうららか (えれっと)] かんこれ☆わはー (艦隊これくしょん-艦これ-) [Chinese].zip","J:\_Happy_Lesson\_Manga\Sorted_By_Author\うつらうららか (えれっと)","21554820","2014/3/7 11:10"
"(C85) [うにに組 (うにに☆せぶん)] イクの特別夜戦演習 (艦隊これくしょん -艦これ-) [DL版].zip","J:\_Happy_Lesson\_Manga\Sorted_By_Author\うにに組 (うにに☆せぶん)","8115988","2014/7/6 0:01"
"(C85) [うにの種 (uni8)] 砲雷乳戦用意! (艦隊これくしょん -艦これ-).zip","J:\_Happy_Lesson\_Manga\Sorted_By_Author\うにの種","53015177","2014/7/15 14:53"
"(C85) [うに蔵 (うに蔵)] BITCH QUEENS ～わくわくプールサイドデート～ (Fate stay night).zip","J:\_Happy_Lesson\_Manga\Sorted_By_Author\うに蔵 (うに蔵)","43935149","2015/2/1 11:38"
"(C85) [うるう島 (うるう島呼音)] ボクっ娘勇者をレベル上げ (ドラゴンクエスト).zip","J:\_Happy_Lesson\_Manga\Sorted_By_Author\うるう島 (うるう島呼音)","24558277","2014/5/6 14:52"
"(C85) [えろ豆 ] ぽかぽか(ラブライブ!).zip","J:\_Happy_Lesson\_Manga\Sorted_By_Author\えろ豆","66504751","2014/1/17 5:46"
"(C85) [おおた堂 (大田武志)] Cinderella Produce LL.zip","J:\_Happy_Lesson\_Manga\Sorted_By_Author\おおた堂 (おおたたけし)","44240442","2014/2/14 3:24"
"(C85) [おるてんしあ (しのべ)] けもののお義母さん (オリジナル).zip","J:\_Happy_Lesson\_Going_to_sort\_Compressed","20676654","2014/2/6 4:58"
"(C85) [おれんジル (おれんちん)] 俺のララが寝取られました (To LOVEる -とらぶる-).zip","J:\_Happy_Lesson\_Going_to_sort\_Compressed","12335911","2014/8/23 1:59"
"(C85) [かしわ屋 (ひよひよ)] 姦これ -SEX FLEET COLLECTION- 島風 (艦隊これくしょん-艦これ-).zip","J:\_Happy_Lesson\_Manga\Sorted_By_Author\かしわ屋 (ひよひよ)","52923680","2014/1/25 13:26"
"(C85) [かしわ屋 (ひよひよ)] 姦これ -SEX FLEET COLLECTION- 金剛・比叡・榛名・霧島 (艦隊これくしょん-艦これ-).zip","J:\_Happy_Lesson\_Manga\Sorted_By_Author\かしわ屋 (ひよひよ)","61601536","2014/1/25 13:27"
"(C85) [かしわ屋 (ひよひよ)] 姦これ 催眠学園乱交科 -CONCEPT- (オリジナル).zip","J:\_Happy_Lesson\_Manga\Sorted_By_Author\かしわ屋 (ひよひよ)","64317980","2014/2/24 3:07"
"(C85) [かんむりとかげ (つん)] 白望山のふもとで・完 (咲-saki-).zip","J:\_Happy_Lesson\_Going_to_sort\_Compressed","50736179","2014/1/4 8:10"
"(C85) [きくらげ屋 (きくらげ)] 恋♥姦 4.zip","J:\_Happy_Lesson\_Manga\Sorted_By_Author\きくらげ屋 (きくらげ","59509982","2014/6/21 0:56"
"(C85) [きくらげ屋 (きくらげ)] 透萌少女.zip","J:\_Happy_Lesson\_Manga\Sorted_By_Author\きくらげ屋 (きくらげ","10212540","2014/9/22 23:31"
"(C85) [きくらげ屋 (きくらげ)]タカオぷらぐいん! (苍き钢のアルペジオ).zip","J:\_Happy_Lesson\_Manga\Sorted_By_Author\きくらげ屋 (きくらげ","81871398","2014/1/22 4:03"
"(C85) [きつねのよめいり (希望つばめ)] バーニングラブ！！ (艦隊これくしょん -艦これ-).zip","J:\_Happy_Lesson\_Going_to_sort\_Compressed","12272590","2014/1/6 1:29"
"(C85) [きのこのみ (kino)] 何故かヲ級ちゃんがドロップしました (艦隊これくしょん -艦これ-) [cn].zip","J:\_Happy_Lesson\_Manga\Sorted_By_Author\きのこのみ","14655365","2014/1/5 15:52"
"(C85) [きのこのみ (konomi)] ニャンコロジ2 -猫田さんとヒミツの朝事情- (オリジナル).zip","J:\_Happy_Lesson\_Manga\Sorted_By_Author\きのこのみ","64103620","2014/3/18 5:25"
"(C85) [くりおね社 (YU-RI)] アイドル戦士におしおき! (美少女戦士セーラームーン).zip","J:\_Happy_Lesson\_Going_to_sort\_Compressed","17820425","2014/1/6 1:23"
"(C85) [くりもも (つかこ)] きらきら星 (リトルバスターズ!).zip","J:\_Happy_Lesson\_Manga\Sorted_By_Author\くりもも (つかこ)","82366362","2014/1/12 6:50"
"(C85) [くりもも (つかこ)] ゴールデンラブ! (艦隊これくしょん -艦これ-).zip","J:\_Happy_Lesson\_Manga\Sorted_By_Author\くりもも (つかこ)","37889969","2015/3/3 21:57"
"(C85) [くりもも (つかこ)] ゴールデンラブ! (艦隊これくしょん-艦これ-).zip","J:\_Happy_Lesson\_Manga\Sorted_By_Author\くりもも (つかこ)","37889969","2014/2/7 6:44"
"(C85) [くろーヴァー会 (えむあ)] 高揚+軍艦 (艦隊これくしょん -艦これ-).zip","J:\_Happy_Lesson\_Manga\Sorted_By_Author\くろーヴァー会 (えむあ)","43130802","2014/10/3 22:20"
"(C85) [ぐらヴィ団 (コバヤシテツヤ)] 欲望のウィッチミルク (ドラゴンズクラウン).zip","J:\_Happy_Lesson\_Manga\Sorted_By_Author\ぐらヴィ団 (コバヤシテツヤ)","40357683","2014/3/5 14:11"
"(C85) [けあるだ (会田孝信, Luu)] ふぅん。アンタが私のパパ？ (アイドルマスター シンデレラガールズ).zip","J:\_Happy_Lesson\_Going_to_sort\_Compressed","44184683","2014/12/15 10:33"
"(C85) [けもこも屋 (こもりけい)] 長門堕ツ (艦隊これくしょん -艦これ-).zip","J:\_Happy_Lesson\_Manga\Sorted_By_Author\けもこも屋","15676809","2014/2/11 4:26"
"(C85) [こたう (ボウイナイフ)] かがぺろ (艦隊これくしょん -艦これ-).zip","J:\_Happy_Lesson\_Going_to_sort\_Compressed","13594687","2015/7/30 8:17"
"(C85) [こんさば (姫野こもも)] 愛宕のやわぱい(艦隊これくしょん -艦これ-) [DL版].zip","J:\_Happy_Lesson\_Manga\Sorted_By_Author\こんさば (姫野こもも)","23552715","2015/3/4 10:23"
"(C85) [こーひーめーかー (TEL)] 秘書艦瑞鳳の何気ない一日 (艦隊これくしょん -艦これ-).zip","J:\_Happy_Lesson\_Going_to_sort\_Compressed","46845608","2014/2/11 4:27"
"(C85) [ごむはち (よこはち)] 一航戦のおしり改 (艦隊これくしょん -艦これ-).zip","J:\_Happy_Lesson\_Going_to_sort\_Compressed","57220449","2014/8/11 10:38"
"(C85) [さいころドロップ (黒イタチ)] しまかぜ遠征中鎮守府帰投中 (艦隊これくしょん -艦これ-).zip","J:\_Happy_Lesson\_Going_to_sort\_Compressed","32914456","2014/7/1 23:32"
"(C85) [ささ茶屋 (佐々さくの)] 渚くんが女の子だったら。まとめ (暗殺教室).zip","J:\_Happy_Lesson\_Going_to_sort\_Compressed","82401459","2015/2/27 9:52"
"(C85) [さなづら同人誌発行所 (さなづらひろゆき)] ヲ級ちゃんにだいじな艦娘が轟沈させられるわけがない! (艦隊これくしょん -艦これ-).zip","J:\_Happy_Lesson\_Manga\Sorted_By_Author\さなづら同人誌発行所 (さなづらひろゆき)","112659788","2014/3/23 3:56"
"(C85) [しあわせまんじゅう (しあわせ1500)] キルミーイェイ!イェイ!! (キルミーベイベー).zip","J:\_Happy_Lesson\_Manga\Sorted_By_Author\しあわせまんじゅう (しあわせ1500)","82480975","2014/10/15 11:55"
"(C85) [しぐにゃん (しぐにゃん)] 我、榛名と夜戦に突入す!! (艦隊これくしょん -艦これ-).zip","J:\_Happy_Lesson\_Manga\Sorted_By_Author\しぐにゃん","42028501","2014/8/11 10:33"
"(C85) [しぐにゃん] 加賀ぱい (艦隊これくしょん-艦これ-).zip","J:\_Happy_Lesson\_Manga\Sorted_By_Author\しぐにゃん","17997766","2014/4/11 6:21"
"(C85) [しもやけ堂 (逢魔刻壱)] 正妻空母のお仕事 (艦隊これくしょん -艦これ-).zip","J:\_Happy_Lesson\_Manga\Sorted_By_Author\しもやけ堂 (逢魔刻壱)","23714738","2014/2/16 6:56"
"(C85) [じぇのばけーき (たかやKi)] 我、鈴谷ニ完敗ス (艦隊これくしょん-艦これ-).zip","J:\_Happy_Lesson\_Manga\Sorted_By_Author\たかやKi(じぇのばけーき)","10299072","2014/1/22 4:02"
"(C85) [すたぢおQ (奈塚Q弥, 讃岐うどん人)] Slave of father～陰謀～ (インフィニット・ストラトス).zip","J:\_Happy_Lesson\_Manga\Sorted_By_Author\奈塚Q弥","61106658","2014/1/8 8:52"
"(C85) [すた～だすとくれいどる (永山ゆうのん)] Palette Star (ひだまりスケッチ).zip","J:\_Happy_Lesson\_Manga\Sorted_By_Author\すた～だすとくれいどる (永山ゆうのん)","89608361","2014/9/20 15:12"
"(C85) [そらみみ (Mytyl)] ジコチューでも愛はみなぎる! (ドキドキ!プリキュア).rar","J:\_Happy_Lesson\_Manga\Sorted_By_Author\そらみみ (Mytyl)","69392491","2014/3/7 7:41"
"(C85) [たかねの花園 (たかねのはな)] 孕ショー!!(艦隊これくしょん-艦これ-).zip","J:\_Happy_Lesson\_Manga\Sorted_By_Author\たかねのはな(たかねの花園）","18646396","2014/1/22 4:03"
"(C85) [たくみな無知 (たくみなむち)] とらぶる総集編 2 (To LOVEる -とらぶる-).zip","J:\_Happy_Lesson\_Manga\Sorted_By_Author\たくみなむち","179608081","2014/3/2 17:07"
"(C85) [たくみな無知 (たくみなむち)] 今日も小野寺さん (ニセコイ).zip","J:\_Happy_Lesson\_Manga\Sorted_By_Author\たくみなむち","41124944","2014/2/4 4:17"
"(C85) [たくみ屋 (ごばん)] 友達ごっこ (僕は友達が少ない).zip","J:\_Happy_Lesson\_Manga\Sorted_By_Author\ごばん","14919565","2014/1/22 3:42"
"(C85) [たけまさ屋 (武将武)] CINDERELLA ECSTASY (THE IDOLM@STER).zip","J:\_Happy_Lesson\_Manga\Sorted_By_Author\たけまさ屋 (武将武)","72203884","2014/8/13 11:30"
"(C85) [たもくてきほーる (もけ太)] はなみずき (オリジナル).zip","J:\_Happy_Lesson\_Manga\Sorted_By_Author\たもくてきほーる (もけ太)","32356678","2014/1/8 8:46"
"(C85) [たもくてきほーる (もけ太)] はなみずき [DL版].zip","J:\_Happy_Lesson\_Manga\Sorted_By_Author\たもくてきほーる (もけ太)","32356678","2014/1/7 13:33"
"(C85) [たんぽぽ水産 (INAGO)] 悶絶艦隊 摩○鳥○ (艦隊これくしょん -艦これ-) [DL版].zip","J:\_Happy_Lesson\_Manga\Sorted_By_Author\たんぽぽ水産 (INAGO)","36378632","2014/1/26 15:27"
"(C85) [だらぶち堂 (だらぶち)] CONCEIVE (ペルソナ3).zip","J:\_Happy_Lesson\_Manga\Sorted_By_Author\だらぶち堂 (だらぶち)","61361920","2014/1/19 0:02"
"(C85) [ちらりずむ (ヒダカトヲル, 銀河アズマ)] MIKANダークネス6 (ToLOVEダークネス).zip","J:\_Happy_Lesson\_Going_to_sort\_Compressed","68791683","2014/5/17 8:02"
"(C85) [ちんちん亭 (chin)] 土下座メイド (東方Project).zip","J:\_Happy_Lesson\_Going_to_sort\_Compressed","56845864","2014/9/12 13:41"
"(C85) [てろめあな (ぐすたふ)] 覗きましたね？プロデューサーさん (アイドルマスター).zip","J:\_Happy_Lesson\_Manga\Sorted_By_Author\てろめあな (ぐすたふ)","68499319","2014/8/13 11:30"
"(C85) [であすちーむ (うな丼)] イース様ドロップ率超絶×3倍UP!？ (パズル&ドラゴンズ).zip","J:\_Happy_Lesson\_Going_to_sort\_Compressed","76090274","2014/8/13 13:09"
"(C85) [でぃれ～だー(まきのんTM)] LIMITTER C85 ちょっと遠くに引っ越すコトになったのでなついていた隣の大家の娘(JSS)にせっかくなので種付けしときましたΣd(`･ω･´).zip","J:\_Happy_Lesson\_Manga\Sorted_By_Author\でぃれ～だー (まきのん™)","25171573","2014/1/17 23:34"
"(C85) [でじたるたんばりん (ひいある)] 愛宕は提督のデカ○んが気になって仕方がない (艦隊これくしょん -艦これ-).zip","J:\_Happy_Lesson\_Going_to_sort\_Compressed","10790235","2014/3/20 5:16"
"(C85) [ですの!! (冬和こたつ)] アイアンボトムガールズ (艦隊これくしょん -艦これ-).zip","J:\_Happy_Lesson\_Manga\Sorted_By_Author\ですの!! (冬和こたつ)","47420424","2014/2/6 4:58"
"(C85) [とらっくりすこ (火浦R)] オレノヨメ +予告ペーパー (アウトブレイクカンパニー).zip","J:\_Happy_Lesson\_Manga\Sorted_By_Author\BLACK LISTOFF (火浦R, OKINA)","15416560","2014/2/19 6:39"
"(C85) [とりのおいしいところ (鳥三)] うさがひどいめにあう本.zip","J:\_Happy_Lesson\_Manga\Sorted_By_Author\とりのおいしいところ (鳥三)","60115026","2014/6/9 23:13"
"(C85) [とりぷるぴんち! (ひかみいずと)] あんしんあさろしゅつ (オリジナル).zip","J:\_Happy_Lesson\_Manga\Sorted_By_Author\とりぷるぴんち！ (ひかみいずと)","124772674","2015/2/3 0:38"
"(C85) [とんずら道中 (かざわ)] 監これ (艦隊これくしょん -艦これ-).zip","J:\_Happy_Lesson\_Going_to_sort\_Compressed","47802301","2014/1/16 4:33"
"(C85) [どりる日和 (冥茶)] 第四航空戦隊はショタハーバーを空襲する。 (艦隊これくしょん -艦これ-).zip","J:\_Happy_Lesson\_Unread","35223106","2015/8/7 22:23"
"(C85) [ななつ組 (七宮つぐ実)] 暁型COLLECTION (艦隊これくしょん-艦これ-).zip","J:\_Happy_Lesson\_Manga\Sorted_By_Author\ななつ組 (七宮つぐ実)","4027746","2014/1/7 6:43"
"(C85) [なまえかえたい (九郎)] にこにーぼっち本 -弐- (ラブライブ!).zip","J:\_Happy_Lesson\_Going_to_sort\_Compressed","90558762","2014/9/6 20:43"
"(C85) [にのこや (にの子)] 僕と霧切さんの七日間戦争 (ダンガンロンパ).zip","J:\_Happy_Lesson\_Manga\Sorted_By_Author\にのこや (にの子)","16099253","2014/1/9 4:21"
"(C85) [にゃんころもちもち(コトバアイ)] 僕の初めての艦娘 (艦隊これくしょん -艦これ-).zip","J:\_Happy_Lesson\_Going_to_sort\_Compressed","61929469","2014/7/29 10:08"
"(C85) [にゅうたいぷ研究所 (理)] はじめてのくちくかん (艦隊これくしょん -艦これ-).zip","J:\_Happy_Lesson\_Manga\Sorted_By_Author\にゅうたいぷ研究所 (理)","49866084","2015/2/17 7:08"
"(C85) [ねことはと (鳩矢豆七)] 青い涙 -寝取られの章- (IS＜インフィニット・ストラトス＞).zip","J:\_Happy_Lesson\_Going_to_sort\_Compressed","5019681","2014/11/8 0:24"
"(C85) [ねこのこね (タケユウ)] 醒める前に (艦隊これくしょん -艦これ-).zip","J:\_Happy_Lesson\_Manga\Sorted_By_Author\ねこのこね (タケユウ)","84332391","2015/1/13 10:27"
"(C85) [ねこぱんちバシバシ (にゃんごろー)] 秘密2.zip","J:\_Happy_Lesson\_Manga\Sorted_By_Author\モグダン(ねこぱんちバシバシ)","13073488","2014/1/2 21:58"
"(C85) [ねこバス停(しゃあ)] ブラッド1応答して下さい (ゴッドイーター).zip","J:\_Happy_Lesson\_Going_to_sort\_Compressed","33497934","2015/1/7 13:15"
"(C85) [のりたま御膳 (のりたま)] AQUA SPLASH (艦隊これくしょん -艦これ-).zip","J:\_Happy_Lesson\_Manga\Sorted_By_Author\のりたま御膳 (のりたま)","42427134","2014/9/26 12:32"
"(C85) [はぴねすみるく (おびゃー)] 魔女堕短編物語 (東方Project).zip","J:\_Happy_Lesson\_Going_to_sort\_Compressed","50710209","2014/8/19 13:27"
"(C85) [はぽい処 (岡崎武士)] EXCLUDE (境界の彼方).zip","J:\_Happy_Lesson\_Manga\Sorted_By_Author\はぽい処 (岡崎武士)","19287290","2014/3/10 15:49"
"(C85) [はんなま (せれれ)] 友達… (ニセコイ).zip","J:\_Happy_Lesson\_Manga\Sorted_By_Author\はんなま (添い寝)","12869392","2014/2/18 4:31"
"(C85) [ぱいんとさいず (コオリズ)] アナル調教済み処女賢者がやりたそうにこちらを見ている (ドラゴンクエスト) [DL版].zip","J:\_Happy_Lesson\_Manga\Sorted_By_Author\ぱいんとさいず (和尚吹,TKS）","43979502","2014/8/19 13:51"
"(C85) [ぱいんとさいず (高橋こんにゃく)] SAKURA SLAVE TO THE GRIND (カードキャプターさくら) [DL版].zip","J:\_Happy_Lesson\_Manga\Sorted_By_Author\ぱいんとさいず (和尚吹,TKS）","35772151","2014/8/19 13:21"
"(C85) [ぱぉぱしっぷ (あさま)] 輪姦 静かなる騒音-マワル サイレントロア- (機巧少女は傷つかない).zip","J:\_Happy_Lesson\_Going_to_sort\_Compressed","31304641","2014/3/3 0:43"
"(C85) [ひとのふんどし (ゆきよし真水)] 夏期補習3 (オリジナル).zip","J:\_Happy_Lesson\_Manga\Sorted_By_Author\ひとのふんどし (ゆきよし真水)","8645015","2014/1/22 4:02"
"(C85) [ひゅどらぼ (ヒュドラ)] 艦でれびっち (艦隊これくしょん -艦これ-).zip","J:\_Happy_Lesson\_Going_to_sort\_Compressed","20219772","2015/5/14 20:13"
"(C85) [ふじ家 (ねくたー)] ナニコイ？ (ニセコイ).zip","J:\_Happy_Lesson\_Going_to_sort\_Compressed","42311294","2014/3/14 20:29"
"(C85) [ほしまきProject (矢野トシノリ)] 伊19と愛宕の29サンド 提督イクの？ (艦隊これくしょん -艦これ-).zip","J:\_Happy_Lesson\_Going_to_sort\_Compressed","51645728","2014/7/8 23:21"
"(C85) [ほむら屋 (焔すばる)] マジカルニップルキッス 2.zip","J:\_Happy_Lesson\_Manga\Sorted_By_Author\ほむら屋★プレアデス (焔すばる)","13783345","2014/3/9 11:42"
"(C85) [ぽち小屋。 (ぽち。)] 艦娘発情これくしょん (艦隊これくしょん -艦これ-).zip","J:\_Happy_Lesson\_Manga\Sorted_By_Author\ぽち小屋。 (ぽち。)","32812178","2014/7/15 14:49"
"(C85) [ぽてとさらだ (くりす)] ゆるハメ。.zip","J:\_Happy_Lesson\_Manga\Sorted_By_Author\ぽてとさらだ","48256589","2014/2/22 11:35"
"(C85) [ぽぽちち (八尋ぽち)] 島風ちゃん快 (艦隊これくしょん -艦これ-).zip","J:\_Happy_Lesson\_Manga\Sorted_By_Author\ぽぽちち (八尋ぽち)","43597915","2014/1/9 4:20"
"(C85) [まごの亭 (夏庵)] カユミドメ10ホウメ (IS＜インフィニット・ストラトス＞).zip","J:\_Happy_Lesson\_Manga\Sorted_By_Author\まごの亭 (夏庵)","14688003","2014/2/19 14:00"
"(C85) [ましゅまろ×ほいっぷ (kyou)] 純情これくしょん (艦隊これくしょん -艦これ-).zip","J:\_Happy_Lesson\_Going_to_sort\_Compressed","32334778","2014/2/15 13:44"
"(C85) [ましら堂 (猿駕アキ)] 「茉里（後編）」 (オリジナル).zip","J:\_Happy_Lesson\_Manga\Sorted_By_Author\ましら堂 (猿駕アキ)","68369141","2014/4/14 0:59"
"(C85) [みくろぺえじ] 雪歩を好き放題しちゃうほん (THE IDOLM@STER).zip","J:\_Happy_Lesson\_Going_to_sort\_Compressed","14462705","2014/1/17 5:46"
"(C85) [みすてるていん (朧雲たかみつ)] 翔ベナイ鶴 (艦隊これくしょん -艦これ-).zip","J:\_Happy_Lesson\_Going_to_sort\_Compressed","31311973","2014/3/25 3:45"
"(C85) [みたらし倶楽部 (みたらし侯成)] リン子ママといっしょ (ガンダムビルドファイターズ).zip","J:\_Happy_Lesson\_Manga\Sorted_By_Author\みたらし倶楽部 (みたらし侯成)","114127927","2014/4/14 8:00"
"(C85) [みたらし倶楽部 (みたらし侯成)] 秋子さんといっしょ 13 (KANON).zip","J:\_Happy_Lesson\_Manga\Sorted_By_Author\みたらし倶楽部 (みたらし侯成)","80285510","2014/2/8 15:41"
"(C85) [みみくりどっとぜっと (赤さたなん)] いいなりエスカレーション (勇者になれなかった俺はしぶしぶ就職を決意しました。).zip","J:\_Happy_Lesson\_Going_to_sort\_Compressed","18034539","2014/3/2 17:03"
"(C85) [みりおんらぶ (夜与)] 艦隊奴隷 高雄 (艦隊これくしょん -艦これ-).zip","J:\_Happy_Lesson\_Going_to_sort\_Compressed","48666133","2014/12/31 0:38"
"(C85) [むげん@WORKS (秋月秋名)] 補給は大切じゃん (艦隊これくしょん-艦これ-) [DL版].zip","J:\_Happy_Lesson\_Manga\Sorted_By_Author\むげん＠WORKS (秋月秋名)","34969614","2014/3/9 2:28"
"(C85) [めとろのーつ (つめとろ)] きつねさんのえっちなほん4 (オリジナル).zip","J:\_Happy_Lesson\_Going_to_sort\_Compressed","44561425","2014/3/5 14:11"
"(C85) [もすまん (へんりいだ)] 100RTされたらえっちします (オリジナル).zip","J:\_Happy_Lesson\_Manga\Sorted_By_Author\もすまん(へんりいだ)","7738943","2014/2/5 10:08"
"(C85) [もちもちCarnevale (池咲ミサ)] 艦内性備日誌 (艦隊これくしょん -艦これ-).zip","J:\_Happy_Lesson\_Going_to_sort\_Compressed","16571651","2014/2/10 9:26"
"(C85) [もつ料理 (もつ)]DragonQueen's (ドラゴンクエスト).zip","J:\_Happy_Lesson\_Manga\Sorted_By_Author\もつ料理 (もつ)","18196763","2014/6/14 23:42"
"(C85) [ももいろリップ (シュガーミルク)] VENOM POTION (進撃の巨人).zip","J:\_Happy_Lesson\_Manga\Sorted_By_Author\ももいろリップ (シュガーミルク)","4823774","2014/8/11 10:41"
"(C85) [ゆ。 (ユズリハ)] 正規空母の姦通事情  (艦隊これくしょん-艦これ-).zip","J:\_Happy_Lesson\_Going_to_sort\_Compressed","15316030","2014/2/6 4:58"
"(C85) [ゆあさ連合 (ジャン・ルイ)] 扶桑散華 (艦隊これくしょん -艦これ-).zip","J:\_Happy_Lesson\_Going_to_sort\_Compressed","13625662","2014/2/6 23:27"
"(C85) [ゆうさりつかた (淡夢)] お疲れ様です、提督 (艦隊これくしょん -艦これ-) [DL版].zip","J:\_Happy_Lesson\_Manga\Sorted_By_Author\ゆうさりつかた (淡夢)","12973130","2014/5/12 8:54"
"(C85) [ゆきしずく (ながねこ)] KISS ME TOUCH ME (ゴールデンタイム).zip","J:\_Happy_Lesson\_Going_to_sort\_Compressed","61659686","2014/3/9 17:02"
"(C85) [るきるきEXISS (文月晦日)] 魔女囘シ (ドラゴンズクラウン).zip","J:\_Happy_Lesson\_Manga\Sorted_By_Author\るきるきEXISS (文月晦日)","33620303","2014/8/2 7:07"
"(C85) [ろすとはーと (国崎蛍)] びっちなあの子 (オリジナル).zip","J:\_Happy_Lesson\_Going_to_sort\_Compressed","81671253","2015/3/10 20:59"
"(C85) [ろ～たり～Engine (神無月元史)] ずんずんびより (のんのんびより).zip","J:\_Happy_Lesson\_Manga\Sorted_By_Author\ろ～たり～Engine (神無月元史)","12980982","2014/1/2 21:57"
"(C85) [んーちゃかむーむー (雪路時愛)] 提督、愛してます。 (艦隊これくしょん-艦これ-).zip","J:\_Happy_Lesson\_Manga\Sorted_By_Author\雪路時愛(んーちゃかむーむー)","11550130","2014/4/3 4:18"
"(C85) [アウトレート (たぼ)] 我、夜襲ニ成功セリ! (艦隊これくしょん -艦これ-).zip","J:\_Happy_Lesson\_Going_to_sort\_Compressed","20393890","2014/2/11 4:27"
"(C85) [アカペンギン (アサヒナヒカゲ)] MOON&JUPITER FREAK (美少女戦士セーラームーン).zip","J:\_Happy_Lesson\_Manga\Sorted_By_Author\アカペンギン (アサヒナヒカゲ)","47795632","2014/7/21 2:22"
"(C85) [アクアドロップ (三上ミカ)] てーとくの遅漏っ！(艦隊これくしょん -艦これ-) [DL版].zip","J:\_Happy_Lesson\_Manga\Sorted_By_Author\アクアドロップ (三上ミカ)","10723852","2014/5/7 21:58"
"(C85) [アクアドロップ (三上ミカ)] 真麻はちょっと甘えんぼだから今日もお兄ちゃんとおやすみのチューするのです。。。＞＜ (オリジナル).zip","J:\_Happy_Lesson\_Manga\Sorted_By_Author\アクアドロップ (三上ミカ)","22551309","2014/10/15 11:54"
"(C85) [アビオン村 (ジョニー)] the Dark Blue Moon (艦隊これくしょん-艦これ-).zip","J:\_Happy_Lesson\_Manga\Sorted_By_Author\アビオン村 (ジョニー)","41821717","2014/2/15 7:22"
"(C85) [アメリカン拳法 (菊池政治)] THE UNDER BOSS (艦隊これくしょん -艦これ-).zip","J:\_Happy_Lesson\_Going_to_sort\_Compressed","32965640","2014/3/24 0:38"
"(C85) [アレクササンダー (荒草まほん)] GirlS Aloud!! 03.zip","J:\_Happy_Lesson\_Manga\Sorted_By_Author\アレクササンダー (荒草まほん)","43486804","2014/10/3 22:20"
"(C85) [アレクササンダー (荒草まほん)] GirlS Aloud!! 04.zip","J:\_Happy_Lesson\_Manga\Sorted_By_Author\アレクササンダー (荒草まほん)","38634694","2014/10/3 22:21"
"(C85) [アレマテオレマ (小林由高)] GARIGARI57 (東方Project).zip","J:\_Happy_Lesson\_Manga\Sorted_By_Author\アレマテオレマ (小林由高)","33453272","2014/3/21 7:40"
"(C85) [アレマテオレマ (葵比呂, 小林由高, 樹宮匡平)] GARIGARI58 (艦隊これくしょん -艦これ-).zip","J:\_Happy_Lesson\_Going_to_sort\_Compressed","14969706","2015/7/23 8:12"
"(C85) [アンアーク (はも)] BROKEN DIAMOND (艦隊これくしょん-艦これ-).zip","J:\_Happy_Lesson\_Manga\Sorted_By_Author\アンアーク","19946241","2014/7/26 14:34"
"(C85) [アンアーク(はも)] BITCHWITCH ウィッチクラフトワークス).zip","J:\_Happy_Lesson\_Manga\Sorted_By_Author\アンアーク","30028565","2014/3/30 2:21"
"(C85) [アーシアン (消火器)] その淑女ふしだらにつき (艦隊これくしょん -艦これ-).zip","J:\_Happy_Lesson\_Going_to_sort\_Compressed","34938293","2014/7/21 23:46"
"(C85) [エジプトそば屋 (タイコウ)] チャム&フェリ大往生 (サムライスピリッツ, ヴァンパイア).zip","J:\_Happy_Lesson\_Going_to_sort\_Compressed","10512841","2014/10/14 8:25"
"(C85) [エリア14 (かせい)] バーニン Love シスターズ (艦隊これくしょん -艦これ-).zip","J:\_Happy_Lesson\_Manga\Sorted_By_Author\エリア14","56567876","2014/10/5 22:16"
"(C85) [オセロアイス (shuz)] おねーさんに勝てません.zip","J:\_Happy_Lesson\_Manga\Sorted_By_Author\オセロアイス (shuz)","96544465","2014/8/3 9:17"
"(C85) [オレンジピールズ (俺P1号)] ふたなり!! 王道 (オリジナル).zip","J:\_Happy_Lesson\_Manga\Sorted_By_Author\オレンジピールズ (俺P1号)","72222068","2014/3/14 20:32"
"(C85) [オロリヤ鉛筆堂 (無有利安)] 偽典マビノギオン弐 不可視境界線の彼方 [DL版].zip","J:\_Happy_Lesson\_Manga\Sorted_By_Author\オロリヤ鉛筆堂 (無有利安)","17356511","2014/2/23 10:36"
"(C85) [カウンタック (古事記王子)] やっぱり駆逐艦は最高だぜ (艦隊これくしょん -艦これ-).zip","J:\_Happy_Lesson\_Going_to_sort\_Compressed","34086263","2014/12/27 10:50"
"(C85) [カラメルシキソ (山吹ざらめ)] アカルイ艦隊計画 (艦隊これくしょん -艦これ-).zip","J:\_Happy_Lesson\_Going_to_sort\_Compressed","50997495","2015/5/15 5:14"
"(C85) [カンナビス (しまじ)] 強制新婚生活3日目 [DL版].zip","J:\_Happy_Lesson\_Manga\Sorted_By_Author\カンナビス (しまじ)","93373336","2014/1/13 4:55"
"(C85) [キングリボルバー (菊田高次)] おさわり飛行甲板 (艦隊これくしょん -艦これ-).zip","J:\_Happy_Lesson\_Manga\Sorted_By_Author\キングリボルバー (菊田高次)","48129325","2014/3/23 3:54"
"(C85) [キングリボルバー (菊田高次)] 魔法の (絶対純白魔法少女).zip","J:\_Happy_Lesson\_Manga\Sorted_By_Author\キングリボルバー (菊田高次)","40400786","2014/3/23 3:59"
"(C85) [ギリギリ虹色 (ギリギリ虹色)] ヒナとハヤテ 2.zip","J:\_Happy_Lesson\_Manga\Sorted_By_Author\上乃龍也(ギリギリ虹色)","104910958","2014/2/10 9:27"
"(C85) [クジラックス (クジラックス)] がいがぁかうんたぁ2.zip","J:\_Happy_Lesson\_Manga\Sorted_By_Author\クジラックス","18412665","2014/1/2 21:57"
"(C85) [クジラックス] C85 おまけ (のんのんびより).zip","J:\_Happy_Lesson\_Manga\Sorted_By_Author\クジラックス","17551345","2014/2/5 9:17"
"(C85) [クランク・イン (水谷とおる)] Floriography ～Statice～.zip","J:\_Happy_Lesson\_Manga\Sorted_By_Author\クランク・イン (水谷とおる)","39608806","2015/1/5 11:21"
"(C85) [クレイトス (龍之介, あんじん)] 小咲ちゃんとHなシンコン性活～ソーププレイ編～ (ニセコイ) [DL版].zip","J:\_Happy_Lesson\_Manga\Sorted_By_Author\クレイトス (龍之介)","24882143","2014/5/19 23:58"
"(C85) [クレスタ (呉マサヒロ)] CL-orz 33 (艦隊これくしょん-艦これ-).zip","J:\_Happy_Lesson\_Manga\Sorted_By_Author\クレスタ (呉マサヒロ)","46797100","2014/2/6 4:58"
"(C85) [ココアホリック (ユイザキカズヤ)] くぱぁほりっく! (よろず).zip","J:\_Happy_Lesson\_Manga\Sorted_By_Author\ココアホリック (ユイザキカズヤ)","37372657","2014/7/18 23:20"
"(C85) [ココアホリック (ユイザキカズヤ)] サクライロエンプレス (アウトブレイク・カンパニー 萌える侵略者).zip","J:\_Happy_Lesson\_Manga\Sorted_By_Author\ココアホリック (ユイザキカズヤ)","50774404","2014/8/16 9:38"
"(C85) [コンディメントは8分目 (前島龍)] Heart Broken Eden (プリキュア).zip","J:\_Happy_Lesson\_Manga\Sorted_By_Author\前島龍(コンディメントは8分目)","49405606","2014/1/3 23:42"
"(C85) [ゴロメンツ (ヤスイリオスケ)] 雌犬戦艦 (艦隊これくしょん -艦これ-).zip","J:\_Happy_Lesson\_Manga\Sorted_By_Author\ヤスイリオスケ(ゴロメンツ)","41474418","2014/3/14 20:22"
"(C85) [サイクロン (冷泉, 和泉)] T-17 Cecilian-an (IS＜インフィニット・ストラトス＞).zip","J:\_Happy_Lesson\_Manga\Sorted_By_Author\サイクロン (和泉, れいぜい, 冷泉)","22037824","2014/1/9 4:21"
"(C85) [サイクロン (和泉, 冷泉)] T-16 Signamun-mun (魔法少女リリカルなのは).zip","J:\_Happy_Lesson\_Manga\Sorted_By_Author\サイクロン (和泉, れいぜい, 冷泉)","19170056","2014/1/12 6:50"
"(C85) [サキュマ屋 (ふくまーや)] 放課後特別催眠学習 (オリジナル).zip","J:\_Happy_Lesson\_Going_to_sort\_Compressed","46461000","2014/7/21 2:21"
"(C85) [サプリメンタル (上石ニーニー)] ドキドキ! ハートキュン (ドキドキ!プリキュア).zip","J:\_Happy_Lesson\_Manga\Sorted_By_Author\サプリメンタル (上石ニーニー)","12399485","2014/11/26 23:21"
"(C85) [サムライ忍者GREENTEA] なかよしふたごみゃ～とにゃ～ (オリジナル).zip","J:\_Happy_Lesson\_Going_to_sort\_Compressed","20480622","2014/3/14 20:28"
"(C85) [サービスヘブン (龜魚派、比目魚)] 深海妻艦 (艦隊これくしょん-艦これ-).zip","J:\_Happy_Lesson\_Manga\Sorted_By_Author\サービスヘブン (カレイ, 亀魚派)","30588703","2014/4/21 4:23"
"(C85) [シュート・ザ・ムーン (フエタキシ)] たったひとりの傭兵団2 (オリジナル).zip","J:\_Happy_Lesson\_Manga\Sorted_By_Author\シュート・ザ・ムーン (フエタキシ)","40121050","2014/9/23 5:45"
"(C85) [ジャックとニコルソン (のりパチ)] オフパコシャイニング (オリジナル).zip","J:\_Happy_Lesson\_Manga\Sorted_By_Author\ジャックとニコルソン (のりパチ)","29081860","2014/4/21 8:09"
"(C85) [ジャニストイレ] 提督？あの・・・そろそろ○○○○を・・・あの・・・その・・・ (艦隊これくしょん -艦これ-).zip","J:\_Happy_Lesson\_Going_to_sort\_Compressed","28731017","2014/7/21 23:51"
"(C85) [ジンガイマキョウ (犬江しんすけ)] マッキー極太。 (ラブライブ!).zip","J:\_Happy_Lesson\_Manga\Sorted_By_Author\ジンガイマキョウ (犬江しんすけ)","69598025","2014/3/2 4:00"
"(C85) [スイートピー (大島智)] C85 限定百合本 (ラブライブ!).zip","J:\_Happy_Lesson\_Manga\Sorted_By_Author\スイートピー&COCOA BREAK (大島智, 大島永遠)","53186457","2014/12/31 0:39"
"(C85) [スイートピー&COCOA BREAK (大島智)] 頬をつたう涙が夜空の星に変わる時。 (ラブライブ!).zip","J:\_Happy_Lesson\_Manga\Sorted_By_Author\スイートピー&COCOA BREAK (大島智, 大島永遠)","127994603","2014/3/10 0:53"
"(C85) [スタジオあるた (久水あるた)] スクールアイドルがいる風俗があるって本当ですか？2ニコニコ泡～編 (ラブライブ!).zip","J:\_Happy_Lesson\_Manga\Sorted_By_Author\スタジオあるた (久水あるた)","18179187","2014/1/2 21:57"
"(C85) [スタジオあるた (久水あるた)] 艦むすがいる風俗があるって本当ですか？ (艦隊これくしょん -艦これ-).zip","J:\_Happy_Lesson\_Manga\Sorted_By_Author\スタジオあるた (久水あるた)","54359767","2014/8/24 1:08"
"(C85) [セブンデイズホリディ (篠川あるみ, 古我望)] KONGO BLITZ TACTICS (艦隊これくしょん -艦これ-).zip","J:\_Happy_Lesson\_Manga\Sorted_By_Author\セブンデイズホリディ (古我望, 篠川あるみ)","25906246","2014/4/20 23:58"
"(C85) [ソチコチ (そらモチ)] 艦隊乙女 (艦隊これくしょん -艦これ-).zip","J:\_Happy_Lesson\_Manga\Sorted_By_Author\ソチコチ (そらモチ)","32063732","2014/2/21 4:30"
"(C85) [チェシャ猫の館、触安 (チェシャ猫の館、触安)] なのです!弐 (艦隊これくしょん-艦これ-) [cn].zip","J:\_Happy_Lesson\_Manga\Sorted_By_Author\わざきた","14683993","2014/1/24 23:22"
"(C85) [チョキの神さま & わんわん堂 (間坦りょうた)] Warm Winter (よろず).zip","J:\_Happy_Lesson\_Manga\Sorted_By_Author\チョキの神さま & わんわん堂 (間坦りょうた)","62187663","2014/8/23 15:38"
"(C85) [チョコレートLv.5 (ダイナマイトmoca)] 眠っている姪にいらずらしてみた! (オリジナル) [別スキャン].zip","J:\_Happy_Lesson\_Manga\Sorted_By_Author\chocolate Lv.5 (ダイナマイトmoca)","34307427","2014/3/4 12:08"
"(C85) [チリモズク茶 (安治ぽん太郎)] ウチの鎮守府事情～触手編～ (艦隊これくしょん -艦これ-).zip","J:\_Happy_Lesson\_Going_to_sort\_Compressed","30147601","2014/10/3 22:21"
"(C85) [チーズ酵母 (なか)] かえるびくす3 (オリジナル).zip","J:\_Happy_Lesson\_Going_to_sort\_Compressed","13039351","2015/2/1 8:22"
"(C85) [ツン研 (Men's)] アウトブレイク・ハーレム (アウトブレイク・カンパニー).zip","J:\_Happy_Lesson\_Manga\Sorted_By_Author\ツン研 (Men's)","10363791","2014/11/22 2:00"
"(C85) [テクノブレイク依存症 (てくの)] 負け組艦隊 (艦隊これくしょん -艦これ-) [DL版].zip","J:\_Happy_Lesson\_Going_to_sort\_Compressed","18182443","2014/3/6 8:47"
"(C85) [テングコテング (コテング)] すーぱーエロす! 5 (すーぱーそに子).zip","J:\_Happy_Lesson\_Manga\Sorted_By_Author\テングコテング (コテング)","10852824","2014/11/24 1:39"
"(C85) [デッドアングル (かみみや)] 艦娘おっぱい大戦 (艦隊これくしょん -艦これ-).zip","J:\_Happy_Lesson\_Going_to_sort\_Compressed","23720378","2014/4/17 1:35"
"(C85) [トラ屋 (ITOYOKO)] 瑞鳳、脱いで参る (艦隊これくしょん -艦これ-).zip","J:\_Happy_Lesson\_Going_to_sort\_Compressed","33362361","2014/2/11 4:26"
"(C85) [ドウガネブイブイ (あぶりだしざくろ)] 二人色 (艦隊これくしょん-艦これ-) [2版 2014年01月13日].zip","J:\_Happy_Lesson\_Manga\Sorted_By_Author\ドウガネブイブイ (あぶりだしざくろ)","6434182","2014/3/31 1:16"
"(C85) [ナイロン100% (ナイロン)] 提督は愛宕のおもちゃ。 (艦隊これくしょん -艦これ-).zip","J:\_Happy_Lesson\_Manga\Sorted_By_Author\ナイロン100％(ナイロン)","8636934","2014/7/5 6:52"
"(C85) [ナイロン100％(ナイロン)] お兄ちゃんって呼ばせて (境界の彼方).zip","J:\_Happy_Lesson\_Manga\Sorted_By_Author\ナイロン100％(ナイロン)","25379985","2014/4/30 2:15"
"(C85) [ナギヤマスギ (那岐山)] 艦娘陵辱2 鬼畜提督の犠牲艦大和 (艦隊これくしょん -艦これ-).zip","J:\_Happy_Lesson\_Manga\Sorted_By_Author\ナギヤマスギ","47047556","2014/9/12 22:02"
"(C85) [ナギヤマスギ (那岐山)] 艦娘陵辱4 い…電の調教を見るのです… (艦隊これくしょん -艦これ-).zip","J:\_Happy_Lesson\_Manga\Sorted_By_Author\ナギヤマスギ","35849141","2014/3/7 3:44"
"(C85) [ナハバル (前)] 深海 (艦隊これくしょん-艦これ-).zip","J:\_Happy_Lesson\_Manga\Sorted_By_Author\ナハバル (前)","16914237","2014/2/24 3:05"
"(C85) [ナンタラカンタラ (春菊天うどん)] 焔Interrogation (閃乱カグラ -少女達の真影-).zip","J:\_Happy_Lesson\_Manga\Sorted_By_Author\ナンタラカンタラ (春菊天うどん)","32564093","2015/2/22 20:14"
"(C85) [ネガぽじーぶ (悠木しん, ぶーち)] カチクトコウビ -159000グラム-.zip","J:\_Happy_Lesson\_Manga\Sorted_By_Author\ネガぽじーぶ (悠木しん, ぶーち)","7325800","2014/5/1 3:39"
"(C85) [ネコかブリ (黒ノ樹)] 秘書艦のオ・ヤ・ク・メ (艦隊これくしょん-艦これ-).zip","J:\_Happy_Lesson\_Manga\Sorted_By_Author\ネコかブリ (黒ノ樹)","18406805","2014/4/9 2:43"
"(C85) [ノラネコノタマ (雪野みなと)] ものけもの 六夜 (別スキャン).zip","J:\_Happy_Lesson\_Manga\Sorted_By_Author\ノラネコノタマ (雪野みなと)","29696319","2014/1/3 23:43"
"(C85) [ノラネコノタマ (雪野みなと)] ノラネコノタマ総集編 3 花湯町の色模様.zip","J:\_Happy_Lesson\_Manga\Sorted_By_Author\ノラネコノタマ (雪野みなと)","391109375","2015/3/1 0:51"
"(C85) [ハイスラスト (いのまる)] 艦姦日誌 (宇宙戦艦ヤマト2199).rar","J:\_Happy_Lesson\_Manga\Sorted_By_Author\いのまる","54985870","2014/5/16 11:40"
"(C85) [ハニーバンプ (中津川みのる)] 日本の艦ぱいこれくしょん-創刊号- (艦隊これくしょん -艦これ-).zip","J:\_Happy_Lesson\_Going_to_sort\_Compressed","32568101","2015/3/8 22:18"
"(C85) [バス停シャワー (桂井よしあき)] Love Live! Don't Stop Love Party (ラブライブ!) [空気系☆漢化].zip","J:\_Happy_Lesson\_Manga\Sorted_By_Author\バス停シャワー(桂井よしあき)","8220685","2014/1/4 2:16"
"(C85) [バス停シャワー (桂井よしあき)] 堕落戦艦-男を知らなかった艦娘達- (艦隊これくしょん-艦これ-).zip","J:\_Happy_Lesson\_Manga\Sorted_By_Author\バス停シャワー(桂井よしあき)","57292798","2014/1/16 4:34"
"(C85) [パワースライド (うっとりくん)] かぜった島 (艦隊これくしょん -艦これ-).zip","J:\_Happy_Lesson\_Going_to_sort\_Compressed","16821475","2014/8/24 3:52"
"(C85) [ヒツジ一番搾り (日辻ハコ)] ご当地えっち。その三 (オリジナル).zip","J:\_Happy_Lesson\_Manga\Sorted_By_Author\ヒツジ一番搾り (日辻ハコ)","42096373","2014/4/10 3:41"
"(C85) [ヒルスタ (平こさか)] ゼツボウ☆ロッカールーム (ダンガンロンパ).zip","J:\_Happy_Lesson\_Manga\Sorted_By_Author\ヒルスタ (平こさか)","99108879","2014/3/3 11:08"
"(C85) [ピアニッシモ (ピジャ)] カレンフロムヘル (アイドルマスター シンデレラガールズ).zip","J:\_Happy_Lesson\_Manga\Sorted_By_Author\ピアニッシモ (ピジャ)","191737202","2014/1/11 4:12"
"(C85) [ピシュ☆ラバ (甘竹朱郎)] 閣下と寵姫さま.zip","J:\_Happy_Lesson\_Manga\Sorted_By_Author\ピシュ☆ラバ (甘竹朱郎)","48563556","2014/2/14 3:24"
"(C85) [ピーナッツランド (よろず)] 黒ギャル合同本 (オリジナル).zip","J:\_Happy_Lesson\_Going_to_sort\_Compressed","122310941","2015/1/28 13:03"
"(C85) [フニフニラボ (たまごろー)] チビッコビッチXY (ポケモン).zip","J:\_Happy_Lesson\_Manga\Sorted_By_Author\フニフニラボ (たまごろー)","23683734","2014/1/3 8:46"
"(C85) [フニフニラボ (たまごろー)] ミルキィ☆リュウセイグン (ガンダムビルドファイターズ).zip","J:\_Happy_Lesson\_Manga\Sorted_By_Author\フニフニラボ (たまごろー)","57093492","2014/5/10 23:59"
"(C85) [フルーツジャム (水鏡想)] 鈴谷とどうする？ナニしちゃう？ (艦隊これくしょん-艦これ-) [空気系☆漢化].zip","J:\_Happy_Lesson\_Manga\Sorted_By_Author\フルーツジャム (水鏡想)","35287877","2014/3/11 14:12"
"(C85) [ブロンコ一人旅 (内々けやき)] 以心電深 鳳翔さんの恋人 (艦隊これくしょん -艦これ-).zip","J:\_Happy_Lesson\_Manga\Sorted_By_Author\内々けやき(ブロンコ一人旅)","36170394","2014/3/28 11:43"
"(C85) [ポッポーズ (ひよこ大王)] ひよこのストッキングフェティッシュ (オリジナル).zip","J:\_Happy_Lesson\_Going_to_sort\_Compressed","24220075","2014/6/2 23:41"
"(C85) [ポリンキー広場 (堀博昭)] 轟沈大和さん (艦隊これくしょん -艦これ-).zip","J:\_Happy_Lesson\_Going_to_sort\_Compressed","14305883","2015/7/23 23:20"
"(C85) [マキニカリス] にゃんこれ改.zip","J:\_Happy_Lesson\_Manga\Sorted_By_Author\マキニカリス","65600507","2014/4/19 5:26"
"(C85) [マツゲアンテナ (舞原マツゲ)] マドホムカマンベール! (魔法少女まどか☆マギカ) [DL版].zip","J:\_Happy_Lesson\_Manga\Sorted_By_Author\舞原マツゲ(マツゲアンテナ)","33485981","2014/1/12 9:10"
"(C85) [マヨネーズ幕府 (せきはん)] ふゆの星座.zip","J:\_Happy_Lesson\_Going_to_sort\_Compressed","4043778","2014/2/16 2:43"
"(C85) [ミグミグ荘 (みぐみぐ)] 真夜中の定期検診 Reverse.zip","J:\_Happy_Lesson\_Manga\Sorted_By_Author\ミグミグ荘 (みぐみぐ)","12009936","2014/5/1 3:40"
"(C85) [メタネコ (蒼津ウミヒト)] 能代の事、忘れないで (艦隊これくしょん -艦これ-).zip","J:\_Happy_Lesson\_Manga\Sorted_By_Author\メタネコ (蒼津ウミヒト)","7524258","2014/10/26 11:12"
"(C85) [メタボ喫茶異臭騒ぎ (いたちょう)] 俺嫁なのは 2 (魔法少女リリカルなのは) [DL版].zip","J:\_Happy_Lesson\_Manga\Sorted_By_Author\メタボ喫茶異臭騒ぎ","13644892","2014/3/25 12:40"
"(C85) [メメ屋 (メメ50)] テンリュウハクショ (艦隊これくしょん-艦これ-).zip","J:\_Happy_Lesson\_Manga\Sorted_By_Author\メメ屋 (メメ50)","55355332","2014/1/12 0:39"
"(C85) [モロトフカクテル (大輪田泊)] RALLRILL3 (SF・超次元伝説ラル).zip","J:\_Happy_Lesson\_Manga\Sorted_By_Author\モロトフカクテル (大輪田泊)","24662319","2014/2/24 3:08"
"(C85) [ユリルラリカ(小島紗)] 戦艦長門と変態提督 (艦隊これくしょん -艦これ-).zip","J:\_Happy_Lesson\_Manga\Sorted_By_Author\ユリルラリカ (小島紗)","53042489","2014/7/22 16:51"
"(C85) [ヨロコビの国 (JOY RIDE)] ヨロコビの国 Vol.20 リッカはマナの性処理係 (ドキドキ!プリキュア).rar","J:\_Happy_Lesson\_Manga\Sorted_By_Author\ヨロコビの国 (JOY RIDE)","62503102","2014/6/3 13:12"
"(C85) [リュナイティア (季月えりか)] はんたっこ8 (モンスターハンター).zip","J:\_Happy_Lesson\_Manga\Sorted_By_Author\リュナイティア (季月えりか)","51344378","2014/2/10 1:37"
"(C85) [ヴェクセルハフト (Kima-gray)] 榛名さんのコスチューム大換装 (艦隊これくしょん-艦これ-).zip","J:\_Happy_Lesson\_Manga\Sorted_By_Author\ヴェクセルハフト (Kima-gray)","8618329","2014/4/9 2:42"
"(C85) [ヴェロニカの歯 (の歯)] HAMMER：3P (パステルチャイム3).zip","J:\_Happy_Lesson\_Manga\Sorted_By_Author\ヴェロニカの歯 (の歯)","47528503","2014/5/27 7:55"
"(C85) [七色御伽草子(宮瀬まひろ)] 早苗さんの○○○欲しいですか (東方Project).zip","J:\_Happy_Lesson\_Manga\Sorted_By_Author\七色御伽草子 (宫瀬まひろ)","101123327","2014/3/10 12:50"
"(C85) [七転八起 (kinntarou)] モーモー美鈴 (東方Project).zip","J:\_Happy_Lesson\_Manga\Sorted_By_Author\七転八起 (kinntarou)","24603939","2014/1/6 3:20"
"(C85) [三毛猫チルドレン (雨宮結鬼)] ヴァージンサマーレイン +ペーパー (中二病でも恋がしたい！).zip","J:\_Happy_Lesson\_Going_to_sort\_Compressed","22072279","2014/2/22 15:54"
"(C85) [不可不可] in the milk 2.zip","J:\_Happy_Lesson\_Manga\Sorted_By_Author\不可不可 (関谷あさみ)","15365042","2014/1/17 5:46"
"(C85) [乙女気分 (三色網戸。)] 学校で性春！9 (オリジナル).zip","J:\_Happy_Lesson\_Manga\Sorted_By_Author\乙女気分 (三色網戸)","26444398","2014/2/22 15:54"
"(C85) [乙女気分 (三色網戸。)] 性春！9のおまけ本 (オリジナル).zip","J:\_Happy_Lesson\_Manga\Sorted_By_Author\乙女気分 (三色網戸)","7415210","2014/2/22 15:54"
"(C85) [乱視と君と。 (santa)] 帰り路ラプソディー (アマガミ).zip","J:\_Happy_Lesson\_Going_to_sort\_Compressed","60315957","2014/7/30 11:33"
"(C85) [人丸] 幻想生物図鑑・獣弐.zip","J:\_Happy_Lesson\_Going_to_sort\_Compressed","50078028","2014/1/2 14:48"
"(C85) [人生あの電柱まで作戦 (柴崎ショージ)] 大好きな人 (艦隊これくしょん -艦これ-) [DL版].zip","J:\_Happy_Lesson\_Going_to_sort\_Compressed","22841956","2014/8/11 10:41"
"(C85) [人生横滑り。 (荒岸来歩)] 全ては可愛い妹のため (艦隊これくしょん -艦これ-) [DL版].zip","J:\_Happy_Lesson\_Going_to_sort\_Compressed","45225602","2014/3/11 5:51"
"(C85) [俺たちミスノン一家 (須原シイナ)] ゆい式(ゆゆ式).zip","J:\_Happy_Lesson\_Manga\Sorted_By_Author\俺たちミスノン一家 (須原シイナ)","68234924","2014/1/25 1:37"
"(C85) [全日本生えてる會 (はましま薫夫, 丸居まる, HG茶川, 他)] フタナリっ!2 (オリジナル).zip","J:\_Happy_Lesson\_Manga\Sorted_By_Author\丸居まる","103987459","2014/3/5 14:10"
"(C85) [冬扇草堂 (冬扇)] 苗床人形 (ローゼンメイデン).zip","J:\_Happy_Lesson\_Manga\Sorted_By_Author\冬扇草堂 (冬扇)","26960119","2014/3/5 14:09"
"(C85) [出席番号26 (にろ)] 艦内発射 (艦隊これくしょん -艦これ-) [ページ補足].zip","J:\_Happy_Lesson\_Manga\Sorted_By_Author\出席番号26 (にろ)","38330730","2014/2/14 9:24"
"(C85) [厩 (UMA)] EXPANTION KIT／LT (武装神姫).zip","J:\_Happy_Lesson\_Manga\Sorted_By_Author\厩 (UMA)","42449765","2014/9/11 7:34"
"(C85) [合衆国ネタメコル (ねこめたる)] WTK -wellcome to kisinjou- (東方Project).zip","J:\_Happy_Lesson\_Going_to_sort\_Compressed","26815579","2014/1/2 21:59"
"(C85) [合衆国ネタメコル] WTK -wellcome to kisinjou- (東方).zip","J:\_Happy_Lesson\_Going_to_sort\_Compressed","26815579","2014/1/2 8:52"
"(C85) [哀れなウサギ(山葵るお, 千鳥雷夜)] Closet Dream (アイドルマスター シンデレラガールズ).zip","J:\_Happy_Lesson\_Going_to_sort\_Compressed","63628866","2014/3/9 5:47"
"(C85) [回遊企画 (鈴井ナルミ)] ANGEL ALIVE (ボーカロイド).zip","J:\_Happy_Lesson\_Manga\Sorted_By_Author\回遊企画 (鈴井ナルミ)","93006466","2014/3/31 13:24"
"(C85) [塩屋虻通信 (シオロク)] 二三七年 (新世界より).zip","J:\_Happy_Lesson\_Manga\Sorted_By_Author\塩屋虻通信 (シオロク)","20996073","2014/8/17 6:03"
"(C85) [夜の勉強会 (ふみひろ)] にゅるにゅるヤミ (ToLOVEる).zip","J:\_Happy_Lesson\_Going_to_sort\_Compressed","30830259","2014/3/9 11:44"
"(C85) [夢茶会 (むちゃ)] ちーちゃん開発日記4.1 (オリジナル).zip","J:\_Happy_Lesson\_Manga\Sorted_By_Author\夢茶会 (むちゃ)","9034994","2014/2/17 8:52"
"(C85) [大和川大塚麗夏ぶぶづけmakkiポンスケもけ太] 髙とらのあな特典.zip","J:\_Happy_Lesson\_Going_to_sort\_Compressed","6598056","2014/1/3 23:44"
"(C85) [大蔵別館 (大蔵一也)] G...M (ガンダムビルドファイターズ).zip","J:\_Happy_Lesson\_Manga\Sorted_By_Author\大蔵別館 (大蔵一也)","29467812","2014/3/5 14:11"
"(C85) [大陸間弾道弾団 (桜ロマ子)] 破壊遊戯.zip","J:\_Happy_Lesson\_Going_to_sort\_Compressed","15379256","2014/5/7 9:10"
"(C85) [天城製鉄所 (えびす)] HOBBY`S BLOCK!!18 (艦隊これくしょん -艦これ-).zip","J:\_Happy_Lesson\_Manga\Sorted_By_Author\天城製鉄所 (えびす)","23962242","2014/5/6 14:49"
"(C85) [姫屋 (阿部いのり)] 恋戦模様 (艦隊これくしょん -艦これ-).zip","J:\_Happy_Lesson\_Manga\Sorted_By_Author\姫屋 (阿部いのり)","26695869","2014/2/7 6:44"
"(C85) [姫玖屋 (樹村ナオキ)] 戦艦長門淫乱化改修 (艦隊これくしょん -艦これ-).zip","J:\_Happy_Lesson\_Going_to_sort\_Compressed","9560852","2014/2/8 4:49"
"(C85) [嫉妬殿 (嫉妬マスク)] 女を教える妖夢ちゃん (東方Project).zip","J:\_Happy_Lesson\_Going_to_sort\_Compressed","50218104","2014/3/23 5:31"
"(C85) [寒天示現流 (寒天)] 誤射姫様の秘蜜特訓 (ゴッドイーター).zip","J:\_Happy_Lesson\_Manga\Sorted_By_Author\寒天","38397191","2014/4/11 6:21"
"(C85) [少女交錯 (eltole)] エルという少女の物語X1 (オリジナル).zip","J:\_Happy_Lesson\_Manga\Sorted_By_Author\少女交錯 (eltole)","21658810","2014/3/9 5:44"
"(C85) [少女騎士団 (大槍葦人)] MAIDEN VOYAGE (艦隊これくしょん-艦これ-).zip","J:\_Happy_Lesson\_Manga\Sorted_By_Author\少女騎士団 (大槍葦人)","142261147","2014/1/2 8:50"
"(C85) [居酒屋よっちゃん (江ノ島行き)] さくらめんと (アイカツ!).zip","J:\_Happy_Lesson\_Manga\Sorted_By_Author\居酒屋よっちゃん","38769523","2014/2/16 2:44"
"(C85) [山田一族。 (袋小路, もきゅ)] 愛玩戦士 (ドキドキ! プリキュア).zip","J:\_Happy_Lesson\_Manga\Sorted_By_Author\山田一族","28324414","2014/3/6 8:48"
"(C85) [山賊の唄 (宝あきひと)] 補給なのです! (艦隊これくしょん -艦これ-) [DL版].zip","J:\_Happy_Lesson\_Going_to_sort\_Compressed","42781169","2014/8/19 13:01"
"(C85) [常時無常 (篠塚醸二)] マシュマミ (魔法少女まどか☆マギカ) [2版 2014年01月20日].zip","J:\_Happy_Lesson\_Manga\Sorted_By_Author\常時無常 (篠塚醸二)","18092189","2014/3/2 10:38"
"(C85) [幸せ共和国 (幸せのかたち)] 幸せのカタチのぐるぐるネタ帳＋ペーパー (オリジナル).zip","J:\_Happy_Lesson\_Going_to_sort\_Compressed","27480667","2015/8/13 21:38"
"(C85) [弾丸ハニィ (オノメシン)] HIGH VOLTAGE (オリジナル).zip","J:\_Happy_Lesson\_Manga\Sorted_By_Author\オノメシン (フリークス)","19195834","2014/4/13 15:54"
"(C85) [影法師通訊協定 (Hiten)] 私がお嫁さんになってあげるわ (艦隊これくしょん-艦これ-).zip","J:\_Happy_Lesson\_Manga\Sorted_By_Author\影法師通訊協定","12798590","2014/4/6 6:01"
"(C85) [御姉狂 (ML)] ショタコンズクラウン [DL版].zip","J:\_Happy_Lesson\_Going_to_sort\_Compressed","19212734","2014/1/2 14:49"
"(C85) [御祓箱 (御札)] まぁ…そうねぇ (艦隊これくしょん -艦これ-).zip","J:\_Happy_Lesson\_Manga\Sorted_By_Author\御祓箱 (御札)","10561889","2014/3/17 1:19"
"(C85) [志望推定時刻 (てへん)] 性工廠 -榛名開発日誌- (艦隊これくしょん -艦これ-) [DL版].zip","J:\_Happy_Lesson\_Manga\Sorted_By_Author\志望推定時刻 (てへん)","20295690","2014/12/13 20:55"
"(C85) [志望推定時刻 (てへん)] 性工廠-榛名開発日誌- (艦隊これくしょん -艦これ-).zip","J:\_Happy_Lesson\_Manga\Sorted_By_Author\志望推定時刻 (てへん)","23355401","2014/2/6 4:58"
"(C85) [忘らるる手紙 (びんせん)] エルフ姉妹の挑戦.zip","J:\_Happy_Lesson\_Going_to_sort\_Compressed","33224788","2014/11/25 7:57"
"(C85) [急行兎 (ともつか治臣)] 大艦巨娘主義 (艦これ).zip","J:\_Happy_Lesson\_Going_to_sort\_Compressed","106011115","2014/4/24 1:33"
"(C85) [怨床 (睦茸, 石橋シンゴ, でっこ)] R-伍萬 (beatmania IIDX).zip","J:\_Happy_Lesson\_Manga\Sorted_By_Author\睦茸(怨床 )","29207562","2014/1/3 23:41"
"(C85) [怪奇日蝕 (綾野なおと)] 暁ニ見ユル光 (艦隊これくしょん-艦これ-).zip","J:\_Happy_Lesson\_Manga\Sorted_By_Author\怪奇日蝕 (綾野なおと)","23756921","2014/1/9 4:20"
"(C85) [恋の断面図 (色糸)] ヨセ襲強力全 (艦隊これくしょん-艦これ-).zip","J:\_Happy_Lesson\_Manga\Sorted_By_Author\恋の断面図 (色糸)","8961856","2014/4/9 2:42"
"(C85) [恋愛漫画家 (鳴瀬ひろふみ)] とある入渠の話 (艦隊これくしょん-艦これ-) [cn].zip","J:\_Happy_Lesson\_Manga\Sorted_By_Author\恋愛漫画家(鳴瀬ひろふみ)","77428496","2014/1/2 8:51"
"(C85) [感電少女注意報 (真冬)] 鷺沢慕情 (アイドルマスター).zip","J:\_Happy_Lesson\_Going_to_sort\_Compressed","21879563","2014/2/28 0:20"
"(C85) [我流痴帯 (TANA)] 露出コレクション3 (オリジナル).zip","J:\_Happy_Lesson\_Manga\Sorted_By_Author\我流痴帯 (TANA)","69558940","2014/3/5 14:11"
"(C85) [推定部員 (明音そーいち)] 彼女とかいないので今日も妹にヤらせてと土下座します。.zip","J:\_Happy_Lesson\_Going_to_sort\_Compressed","13388004","2014/1/2 21:57"
"(C85) [旗幟堂] y3[8：33-22：13] 今からアタシ…輪姦されます。(午前).zip","J:\_Happy_Lesson\_Manga\Sorted_By_Author\旗幟堂 (旗幟灰星)","24850033","2014/1/17 5:46"
"(C85) [早朝バズーカ (椿山パリィ)] 艦娘艶姿これくしょん (艦隊これくしょん -艦これ-) [DL版].zip","J:\_Happy_Lesson\_Going_to_sort\_Compressed","100243284","2015/2/22 21:48"
"(C85) [有閑high桜 (ちえこ)] 加賀ぱい (艦隊これくしょん -艦これ-).zip","J:\_Happy_Lesson\_Going_to_sort\_Compressed","30983258","2014/8/11 10:38"
"(C85) [朝木blog出張所 (朝木貴行)] 赤城さんのおかわり頂戴 (艦隊これくしょん -艦これ-).zip","J:\_Happy_Lesson\_Manga\Sorted_By_Author\朝木貴行","13326734","2014/2/10 9:25"
"(C85) [朧, 天蓬元帥堂 (天蓬元帥堂)] 艦隊ふた百合SEX (艦隊これくしょん -艦これ-).zip","J:\_Happy_Lesson\_Manga\Sorted_By_Author\朧&天蓬元帥堂 (天蓬元帥)","12284377","2014/6/12 7:05"
"(C85) [本能と欲望の牛タン (来鈍)] NO!デースもう止まれないネー (艦隊これくしょん -艦これ-).zip","J:\_Happy_Lesson\_Manga\Sorted_By_Author\本能と欲望の牛タン (よりすけ)","56214607","2014/7/21 23:54"
"(C85) [村上水軍の館 (村上水軍)] F-ism Vol.19.rar","J:\_Happy_Lesson\_Manga\Sorted_By_Author\村上水軍の館 (村上水軍)","635460983","2014/1/4 7:40"
"(C85) [桃色吐息 (メラメラジェラシー)] ササヤキ完全版.zip","J:\_Happy_Lesson\_Going_to_sort\_Compressed","296884009","2014/8/31 23:35"
"(C85) [森宮缶 (森宮正幸)] どっちとするの？ (ToLOVEる-とらぶる-).zip","J:\_Happy_Lesson\_Manga\Sorted_By_Author\森宮正幸","67279624","2014/3/23 5:36"
"(C85) [極彩色 (彩社長)] 歓待種放祭り (艦隊これくしょん -艦これ-).zip","J:\_Happy_Lesson\_Manga\Sorted_By_Author\極彩色 (彩社長）","38062067","2014/2/26 23:36"
"(C85) [極東工務店 (菊のすけまる)] GIRLFriend's 4 (艦隊これくしょん -艦これ-).zip","J:\_Happy_Lesson\_Going_to_sort\_Compressed","40474995","2014/8/20 22:46"
"(C85) [櫻井大エネルギー (石井晃太朗)] 恋する乙女の魅力は胸だけじゃない。 (艦隊これくしょん -艦これ-).zip","J:\_Happy_Lesson\_Manga\Sorted_By_Author\櫻井大エネルギー (櫻井エネルギー)","45457174","2014/2/14 23:07"
"(C85) [毒とんこつ肉ドレイ (他の人)] ヤらない善よりヤる偽善 (オリジナル).zip","J:\_Happy_Lesson\_Manga\Sorted_By_Author\毒とんこつ肉ドレイ (他の人)","18442193","2014/1/5 12:53"
"(C85) [民宿いなりむし (終焉)] 乳これ (艦隊これくしょん -艦これ-).zip","J:\_Happy_Lesson\_Going_to_sort\_Compressed","16807142","2014/8/11 10:42"
"(C85) [池袋DPC (DPC)] The Mercenary Millia.zip","J:\_Happy_Lesson\_Going_to_sort\_Compressed","38710819","2014/9/26 5:44"
"(C85) [没後 (RYO)] 妄想性銀髪くまガール.zip","J:\_Happy_Lesson\_Manga\Sorted_By_Author\没後","86614603","2014/1/24 6:19"
"(C85) [海苔特盛 (いわのり)] 二航戦のおちち (艦隊これくしょん -艦これ-).zip","J:\_Happy_Lesson\_Going_to_sort\_Compressed","14013307","2014/3/27 6:02"
"(C85) [海蒼玉 (はすみみるく)] メルンクルティア拾壱 (魔法少女まどか☆マギカ).zip","J:\_Happy_Lesson\_Going_to_sort\_Compressed","48599105","2014/7/29 10:09"
"(C85) [清炭ハリケーン (清炭ハリケーン)] 撃針 弐 (進撃の巨人).zip","J:\_Happy_Lesson\_Going_to_sort\_Compressed","68007503","2014/4/8 23:32"
"(C85) [漸速ライダー (天漸雅)] 牝犬化調教LV.MAX (超昂閃忍ハルカ).zip","J:\_Happy_Lesson\_Manga\Sorted_By_Author\漸速ライダー (天漸雅)","21166106","2014/3/9 4:02"
"(C85) [火愚夜姫工房 (月下火愚夜)] THE iDOL M@STER 生やっすか! サンデー (アイドルマスター).zip","J:\_Happy_Lesson\_Going_to_sort\_Compressed","84455881","2014/4/1 7:50"
"(C85) [火愚夜姫工房 (月下火愚夜)] 細かすぎず伝わりやすいエロ同人選手権 冬の特別編 (艦隊これくしょん -艦これ-).zip","J:\_Happy_Lesson\_Going_to_sort\_Compressed","48663340","2014/6/10 11:20"
"(C85) [灯夜工房 (灯ひでかず)] 女戦士＜触手.zip","J:\_Happy_Lesson\_Going_to_sort\_Compressed","30974054","2014/7/15 14:56"
"(C85) [無印堂 (やくた)] 沈みゆくふたり (艦隊これくしょん -艦これ-).zip","J:\_Happy_Lesson\_Going_to_sort\_Compressed","55078221","2014/7/21 23:51"
"(C85) [無限地雷 (ムシ)] 愛宕と夜戦に突入す! (艦隊これくしょん-艦これ-).zip","J:\_Happy_Lesson\_Manga\Sorted_By_Author\無限地雷 (ムシ)","11165446","2014/4/6 6:01"
"(C85) [無限軌道A (トモセシュンサク)] TEITOKU! DON’T TOUCH ME! (艦隊これくしょん -艦これ-).zip","J:\_Happy_Lesson\_Manga\Sorted_By_Author\無限軌道","70212296","2014/1/9 4:21"
"(C85) [焼酎MAC (ほずみけんじ)] Poodle & Bunny Time (IS＜インフィニット・ストラトス＞) [DL版].zip","J:\_Happy_Lesson\_Manga\Sorted_By_Author\焼酎MAC (ほずみけんじ)","76992251","2014/2/24 3:08"
"(C85) [爆乳フルネルソン (黒龍眼)] とろける赤城 (艦隊これくしょん -艦これ-).zip","J:\_Happy_Lesson\_Manga\Sorted_By_Author\爆乳フルネルソン (黒龍眼)","24468201","2014/3/21 0:41"
"(C85) [犯罪天国 (ハセイアガナ)] 艦娘Hこれ ■島風と金剛の場合■ (艦隊これくしょん-艦これ-).zip","J:\_Happy_Lesson\_Manga\Sorted_By_Author\犯罪天国 (ハセイアガナ)","29661908","2014/4/3 4:18"
"(C85) [猫畑 (紫☆にゃ～)] ぴたぴた競泳水着戦士3 (オリジナル).zip","J:\_Happy_Lesson\_Going_to_sort\_Compressed","34098393","2014/5/6 15:00"
"(C85) [琥珀亭 (堺はまち)] 武蔵消失 (艦隊これくしょん -艦これ-) [DL版].zip","J:\_Happy_Lesson\_Manga\Sorted_By_Author\堺はまち","20673226","2015/3/18 22:10"
"(C85) [甘泉少女 (能都くるみ)] K.S.G Vol.10 (艦隊これくしょん -艦これ-).zip","J:\_Happy_Lesson\_Manga\Sorted_By_Author\甘泉少女 (能都くるみ)","38551330","2014/4/21 4:24"
"(C85) [甘泉少女 (能都くるみ)] K.S.G Vol.11 (のんのんびより ).zip","J:\_Happy_Lesson\_Manga\Sorted_By_Author\甘泉少女 (能都くるみ)","10535423","2014/1/2 21:57"
"(C85) [甘酒鳩商店 (養酒オヘペ)] いくみちゃんにくにく (食戟のソーマ).zip","J:\_Happy_Lesson\_Manga\Sorted_By_Author\甘酒鳩商店 (養酒オヘペ)","105832190","2014/3/23 5:32"
"(C85) [生クリームびより (ななせめるち)] Melcheese 36 (艦隊これくしょん-艦これ-).zip","J:\_Happy_Lesson\_Manga\Sorted_By_Author\生クリームびより (ななせめるち)","37842130","2014/1/5 4:09"
"(C85) [生クリームびより (ななせめるち)] Melcheese 38 重巡愛宕 新人Debut! (艦隊これくしょん -艦これ-).zip","J:\_Happy_Lesson\_Manga\Sorted_By_Author\生クリームびより (ななせめるち)","14204472","2014/7/5 3:37"
"(C85) [生徒会室 (あきもと大)] Five Colors Qintet (IS＜インフィニットストラトス＞).zip","J:\_Happy_Lesson\_Manga\Sorted_By_Author\生徒会室 (あきもと大)","16315763","2014/1/17 5:43"
"(C85) [甲冑娘 (宮越良月, 西月力, 鶯神楽)] 戦女・紺碧 (艦隊これくしょん -艦これ-).zip","J:\_Happy_Lesson\_Manga\Sorted_By_Author\甲冑娘","300639577","2014/5/5 10:48"
"(C85) [画々研 (まひるの影郎)] なでこラブスネイク (化物語).rar","J:\_Happy_Lesson\_Manga\Sorted_By_Author\画々研 (まひるの影郎)","60035038","2015/4/13 10:37"
"(C85) [異郷 (山崎 かな)] おっきな魚雷 だいすきです (艦隊これくしょん -艦これ-) [DL版].zip","J:\_Happy_Lesson\_Going_to_sort\_Compressed","12657954","2014/1/12 8:26"
"(C85) [百々ふぐり（しんどう）]ショタちんパ (パズル&ドラゴンズ) [cn].zip","J:\_Happy_Lesson\_Going_to_sort\_Compressed","44205773","2014/1/5 15:52"
"(C85) [相原飯店 (相原翔太)] ずいほうちゃんと一緒。 (艦隊これくしょん-艦これ-).zip","J:\_Happy_Lesson\_Going_to_sort\_Compressed","27687981","2014/12/30 1:38"
"(C85) [相原飯店 (相原翔太)] ハルコレ (艦隊これくしょん -艦これ-) [修正版].zip","J:\_Happy_Lesson\_Going_to_sort\_Compressed","31272816","2014/12/30 1:39"
"(C85) [眞嶋堂 (まとう)] 江ノ島先生の超絶望的絶頂授業 (ダンガンロンパ).zip","J:\_Happy_Lesson\_Going_to_sort\_Compressed","39654426","2014/1/13 4:55"
"(C85) [真珠貝 (武田弘光)] ながたま練習帳 (艦隊これくしょん-艦これ-).zip","J:\_Happy_Lesson\_Manga\Sorted_By_Author\武田弘光(真珠貝)","7664845","2014/4/21 23:42"
"(C85) [祭社 (ななろば華)] 相思相愛姉えっち3 (オリジナル).zip","J:\_Happy_Lesson\_Manga\Sorted_By_Author\祭社 (ななろば華)","13703758","2014/2/28 23:12"
"(C85) [秒殺狸団 (佐伯達也)] 姦々びより (のんのんびより).zip","J:\_Happy_Lesson\_Manga\Sorted_By_Author\秒殺狸団 (佐伯達也)","17458205","2014/1/4 4:47"
"(C85) [空色まーち (成沢空)] 古手川痴漢電車 (ToLOVEる-とらぶる-).zip","J:\_Happy_Lesson\_Manga\Sorted_By_Author\空色まーち (成沢空)","15008136","2014/1/6 2:41"
"(C85) [空色まーち (成沢空)] 陵辱まーちヤミ the early 2 (ToLOVEる ダークネス).zip","J:\_Happy_Lesson\_Manga\Sorted_By_Author\空色まーち (成沢空)","50420307","2014/1/18 23:39"
"(C85) [笑顔で暴力 (mogg)] 夢恋慕 (東方Project).zip","J:\_Happy_Lesson\_Manga\Sorted_By_Author\誘蛾党 (mogg)","29940433","2015/3/15 9:53"
"(C85) [篤屋工業 (開栓注意)] 山田先生といちゃいちゃ (IS＜インフィニットストラトス＞).zip","J:\_Happy_Lesson\_Manga\Sorted_By_Author\篤屋工業 (開栓注意)","14591779","2014/2/24 3:05"
"(C85) [純銀星 (たかしな浅妃)] ゆきみとこずえの特別ライブ (アイドルマスター).zip","J:\_Happy_Lesson\_Manga\Sorted_By_Author\純銀星 (たかしな浅妃)","47268174","2014/3/14 20:32"
"(C85) [紫陽花風味亭 (舞猫ルル)] 恋色模様5 (艦隊これくしょん-艦これ-).zip","J:\_Happy_Lesson\_Manga\Sorted_By_Author\紫陽花風味亭 (舞猫ルル)","17556691","2014/4/13 1:40"
"(C85) [綿120パーセント (めんようじゃん)] シャルのエロほん (IS＜インフィニット・ストラトス＞).zip","J:\_Happy_Lesson\_Manga\Sorted_By_Author\綿120パーセント (めんようじゃん)","17261344","2014/2/21 4:30"
"(C85) [緑茶コンボ (かめれおん)] 戦時艦娘特殊入渠 (艦隊これくしょん -艦これ-).zip","J:\_Happy_Lesson\_Going_to_sort\_Compressed","134639287","2014/9/10 13:19"
"(C85) [背徳漢 (背徳漢)] 東方時姦5 東風谷早苗 (東方Project).zip","J:\_Happy_Lesson\_Manga\Sorted_By_Author\背徳漢 (背徳漢, 沙流)","98728380","2014/12/24 1:45"
"(C85) [背徳漢 (背徳漢, 沙流)] 東方時姦5 東風谷早苗 (東方Project).zip","J:\_Happy_Lesson\_Manga\Sorted_By_Author\背徳漢 (背徳漢, 沙流)","36486400","2014/3/7 23:20"
"(C85) [脳内液汁 (ソメジマ)] 魂獣淫使 参 (神羅万象チョコ).zip","J:\_Happy_Lesson\_Manga\Sorted_By_Author\ソメジマ","59489873","2014/8/13 11:31"
"(C85) [膝立ちバニー (うさぎいンく)] 駄菓子屋さんのおしごと (のんのんびより).zip","J:\_Happy_Lesson\_Going_to_sort\_Compressed","12089159","2014/1/4 11:06"
"(C85) [自宅vacation (うるりひ、京極しん)] 俺は妹に勝てない…。 (艦隊これくしょん -艦これ-).zip","J:\_Happy_Lesson\_Unread","6011796","2015/8/4 20:10"
"(C85) [自由ヶ丘商店会 (平木直利)] りんかんびより (のんのんびより).zip","J:\_Happy_Lesson\_Going_to_sort\_Compressed","19971445","2014/2/24 3:31"
"(C85) [芝雪屋 (しばゆき)] TOLOVEL HARLEM (To LOVEる).zip","J:\_Happy_Lesson\_Going_to_sort\_Compressed","40358195","2014/2/5 13:46"
"(C85) [花色蛙 (狐古あんこ)] 加賀さんの性衝動は歪んでる。 (艦隊これくしょん -艦これ-).zip","J:\_Happy_Lesson\_Going_to_sort\_Compressed","18718791","2014/2/6 4:59"
"(C85) [苺砲 (しらいちご)] KOTORI 100% (Rewrite).zip","J:\_Happy_Lesson\_Going_to_sort\_Compressed","108279818","2015/2/17 10:11"
"(C85) [薫卓艶画堂 (薫卓)]おっさんぽい軽空母はお好き (艦隊これくしょん -艦これ-).zip","J:\_Happy_Lesson\_Going_to_sort\_Compressed","17550923","2015/1/3 3:48"
"(C85) [蘭屋 (亞蘭丸)] 提督の香り (艦隊これくしょん -艦これ-).zip","J:\_Happy_Lesson\_Unread","6186210","2015/8/4 20:10"
"(C85) [虎マシーン (春日部太郎)] ヤミ堕ちゲーム (To LOVEる -とらぶる-).zip","J:\_Happy_Lesson\_Manga\Sorted_By_Author\虎マシーン (春日部太郎)","50252809","2014/3/2 17:06"
"(C85) [蛸壷屋 (TK)] ゆきゆきて戦車道 バトル・オブ・プラウダ (ガールズ&パンツァー).zip","J:\_Happy_Lesson\_Manga\Sorted_By_Author\蛸壷屋","100518004","2014/11/1 12:45"
"(C85) [要 (椎名悠輝)] 大破でパンパン電ちゃん日替りドッキング (艦隊これくしょん -艦これ-).zip","J:\_Happy_Lesson\_Manga\Sorted_By_Author\要 (椎名悠輝)","12274715","2014/3/17 1:05"
"(C85) [誘蛾党 (mogg)] 成年スキップ (オリジナル) [別スキャン].zip","J:\_Happy_Lesson\_Manga\Sorted_By_Author\誘蛾党 (mogg)","16140527","2014/6/5 0:56"
"(C85) [豆蔵 (まめぞう)] イオリックス わいえぬ (アイドルマスター).zip","J:\_Happy_Lesson\_Going_to_sort\_Compressed","34104409","2014/3/3 12:25"
"(C85) [超平板小娘電視台 (ほっけうるふ)] MAGIC of LOVE (カードキャプターさくら).zip","J:\_Happy_Lesson\_Going_to_sort\_Compressed","73684717","2014/2/6 8:52"
"(C85) [超時空要塞カチューシャ (電気将軍)] XY (ポケモン).zip","J:\_Happy_Lesson\_Going_to_sort\_Compressed","2293122","2014/1/22 23:39"
"(C85) [路地裏JACK (Jun)] 花 × 花 (監獄学園) [DL版].zip","J:\_Happy_Lesson\_Going_to_sort\_Compressed","17441972","2015/8/2 0:22"
"(C85) [軒下の猫屋 (アルデヒド)] Hな艦娘との☆性交これくしょん (艦隊これくしょん -艦これ-).zip","J:\_Happy_Lesson\_Manga\Sorted_By_Author\軒下の猫屋 (アルデヒド)","24285953","2013/12/31 4:54"
"(C85) [輪廻転生 (Show)] 補給これくしょん01 (艦隊これくしょん -艦これ-).zip","J:\_Happy_Lesson\_Going_to_sort\_Compressed","41416029","2014/3/18 5:24"
"(C85) [近傍租界 (こんもり)] 魔王の娘さんは自覚が足りないようです。 (勇者になれなかった俺はしぶしぶ就職を決意しました。).zip","J:\_Happy_Lesson\_Manga\Sorted_By_Author\近傍租界 (こんもり)","28333582","2014/3/2 17:03"
"(C85) [関西オレンジ (荒井啓)] clover＊2 (よつばと!).zip","J:\_Happy_Lesson\_Manga\Sorted_By_Author\関西オレンジ (荒井啓)","38842559","2015/1/3 9:53"
"(C85) [関西オレンジ (荒井啓)]] clover＊2 (よつばと!).zip","J:\_Happy_Lesson\_Manga\Sorted_By_Author\関西オレンジ (荒井啓)","9370289","2014/1/22 4:02"
"(C85) [関西漁業協同組合 (丸新)] 五十鈴賛歌 (艦隊これくしょん -艦これ-).zip","J:\_Happy_Lesson\_Manga\Sorted_By_Author\関西漁業協同組合 (丸新)","35119167","2014/9/9 12:44"
"(C85) [阿修羅女画帖 (Manzi-ss, 白兎, その他] RENDEZVOUS 60 MICRONS' [DL版].zip","J:\_Happy_Lesson\_Going_to_sort\_Compressed","142843258","2015/7/12 12:36"
"(C85) [雲丹屋 (東雲龍)] Honey (艦隊これくしょん -艦これ-).zip","J:\_Happy_Lesson\_Manga\Sorted_By_Author\東雲龍","10840630","2014/2/10 9:25"
"(C85) [青豆腐 (ねろましん)] ミナソコ (艦隊これくしょん-艦これ-).zip","J:\_Happy_Lesson\_Manga\Sorted_By_Author\青豆腐 (ねろましん)","93689832","2014/2/5 3:19"
"(C85) [風のごとく! (風吹ぽに)] Karma (世界樹の迷宮).zip","J:\_Happy_Lesson\_Manga\Sorted_By_Author\風のごとく! (風吹ぽに)","127936650","2014/10/4 7:41"
"(C85) [風芸WindArTeam (WindArt)] 蓮子 淫肛堕痴 (東方Project).zip","J:\_Happy_Lesson\_Manga\Sorted_By_Author\風芸WindArTeam (WindArt)","69221899","2014/1/12 6:30"
"(C85) [風道屋 (まもウィリアムズ)] 負け犬司令官! (艦隊これくしょん -艦これ-).zip","J:\_Happy_Lesson\_Manga\Sorted_By_Author\風道屋 (まもウィリアムズ)","24710136","2014/5/21 5:14"
"(C85) [餅屋 (かろちー)] 恋する島風ちゃんとヘンタイ提督 2 (艦隊これくしょん-艦これ-).zip","J:\_Happy_Lesson\_Manga\Sorted_By_Author\餅屋 (かろちー)","37180800","2014/2/19 6:43"
"(C85) [馬栗産業] みんなでとれ～にんぐ (THE IDOLM@STER).zip","J:\_Happy_Lesson\_Going_to_sort\_Compressed","9600778","2014/1/6 2:41"
"(C85) [駄作屋(泉)Kobo (Piro)] リコの現在公開不可能な情報 (進撃の巨人).zip","J:\_Happy_Lesson\_Going_to_sort\_Compressed","22123213","2014/2/24 3:05"
"(C85) [高苗床] 電ちゃん、お赤飯を炊きましたよ (艦隊これくしょん-艦これ-).zip","J:\_Happy_Lesson\_Manga\Sorted_By_Author\高苗床 (高苗京鈴)","9741896","2014/1/22 23:39"
"(C85) [鬼脚堂 (カラテカ・バリュー)] 監獄戦艦長門 (艦隊これくしょん -艦これ-).zip","J:\_Happy_Lesson\_Manga\Sorted_By_Author\鬼脚堂 (カラテカ・バリュー)","11833991","2014/2/8 4:48"
"(C85) [魚骨工造 (カポ)] OTOME ENGINE (艦隊これくしょん -艦これ-).zip","J:\_Happy_Lesson\_Manga\Sorted_By_Author\魚骨工造 (カポ)","34460961","2014/3/14 20:23"
"(C85) [鴨川屋 (鴨川たぬき)] サキトノドカ (咲-Saki-).zip","J:\_Happy_Lesson\_Manga\Sorted_By_Author\鴨川屋(鴨川たぬき)","15364776","2014/2/13 4:21"
"(C85) [黄泉比良坂 (bbsacon)] 深海ノ堕音 (艦隊これくしょん -艦これ-).zip","J:\_Happy_Lesson\_Going_to_sort\_Compressed","21330937","2014/2/8 4:46"
"(C85) [黒いみかんのなるももの木 (コロモ)] 『うわ てんりゅう こわい』 (艦隊これくしょん -艦これ-).zip","J:\_Happy_Lesson\_Going_to_sort\_Compressed","10238628","2014/7/5 3:37"
"(C85) [黒ねこ赤リボン (神代竜)] メイドライブ！ (ラブライブ! School idol project) [DL版].zip","J:\_Happy_Lesson\_Manga\Sorted_By_Author\黒ねこ赤リボン (神代竜)","30579118","2014/2/2 5:38"
"(C85) [黒澤pict (黒澤清崇)] ワルプルギス前夜.zip","J:\_Happy_Lesson\_Manga\Sorted_By_Author\黒澤pict (黒澤清崇)","19646037","2014/1/22 4:04"
"(C85) 同人誌) [Singleton (あずまゆき)] 幼性の誘惑1～隣に住む○学生が僕の×××に興味を持ってる～ (オリジナル).zip","J:\_Happy_Lesson\_Manga\Sorted_By_Author\あずまゆき(Singleton)","22306192","2014/1/6 3:20"
"(C85) 同人誌) [まくりや (たけやまかき)] 援交でこます!! (のんのんびより).zip","J:\_Happy_Lesson\_Going_to_sort\_Compressed","7992572","2014/1/6 1:22"
"(C85)[AHOBAKA (Aho)] 愛する牝馬が種付けされて (オリジナル).rar","J:\_Happy_Lesson\_Manga\Sorted_By_Author\AHOBAKA (Aho)","28001237","2014/5/23 0:26"
"(C85)[JUMBOMAX] HIBIKISS3 (Amagami).zip","J:\_Happy_Lesson\_Going_to_sort\_Compressed","19257575","2015/4/6 21:43"
"(C85)[Kemono Ekaki no Kousoku 2(Sindoll)] Re- Temptation.zip","J:\_Happy_Lesson\_Going_to_sort\_Compressed","31732235","2014/2/11 4:27"
"(C85)[Ko-wa's Inn(Kouwa)]果実と女子の甘さ計測.zip","J:\_Happy_Lesson\_Going_to_sort\_Compressed","5530385","2014/10/11 23:50"
"(C85)[NEKO WORKs (various)] NEKO PARADISE 2014 CALENDAR (original).zip","J:\_Happy_Lesson\_Manga\Sorted_By_Author\Various","30172181","2014/5/26 7:56"
"(C85)[スタジオた～(狂一郎)] 進撃のペトラルカ (アウトブレイク・カンパニー 萌える侵略者).zip","J:\_Happy_Lesson\_Manga\Sorted_By_Author\スタジオた～ (狂一郎)","11328854","2015/2/17 8:18"
"(C85)[琴乃舎(むつみまさと)]TAKAO OF BLUE STEEL 02(蒼き鋼のアルペジオ)[中国翻訳].zip","J:\_Happy_Lesson\_Manga\Sorted_By_Author\琴乃舎(むつみまさと)","48437209","2014/4/24 10:37"
"(C85)[風道屋 (まもウィリアムズ)] 負け犬司令官! (艦隊これくしょん-艦これ-)[无毒汉化组].zip","J:\_Happy_Lesson\_Manga\Sorted_By_Author\風道屋 (まもウィリアムズ)","35626022","2014/2/15 7:17"
"(同人誌) (C85) [学食亭 (わたのはら)] ま・・回すのは羅針盤だけでいいよっ!! (艦隊これくしょん -艦これ-).zip","J:\_Happy_Lesson\_Going_to_sort\_Compressed","5283669","2015/8/13 21:40"
"(同人誌) (C85) [電脳冬蜜柑 (上田リエコ)] 君が癒してくれる冬。 (VOCALOID).zip","J:\_Happy_Lesson\_Going_to_sort\_Compressed","15805129","2015/5/18 0:35"
"(同人誌) (C85) [麻雀有限会社58 (旅烏)] 密着!鎮守府24時 (艦隊これくしょん -艦これ-).zip","J:\_Happy_Lesson\_Going_to_sort\_Compressed","14606318","2014/4/27 23:55"
"9aae709329aab2028246a2c855fd4716.jpg","J:\_Happy_Lesson\_Going_to_sort\_按题材分类\DOA","131798","2010/7/21 0:02"
"[C85] [Studio Pal (南野琴)] 桃井さんのオッパイと幼なじみ (黒子のバスケ).zip","J:\_Happy_Lesson\_Manga\Sorted_By_Author\南野琴(STUDIO PAL )","39783908","2014/8/26 13:04"
"[C85](Yotukuro)私たち、結婚しました。総集編+完結編.zip","J:\_Happy_Lesson\_Going_to_sort\_Compressed","43908895","2014/1/30 4:11"
"[C85](海鮮帝国)いつかの桜が咲く前に.zip","J:\_Happy_Lesson\_Going_to_sort\_Compressed","26811402","2014/1/22 3:45"
"de98418bb5f1d28d18fc858700054284.jpg","J:\_Happy_Lesson\_Going_to_sort\_按题材分类\マビノギ(洛奇)","269485","2010/12/9 20:34"
"preview3bf9fc8570d29c9fd7696a3b9a782b66.jpg","J:\_Happy_Lesson\_Going_to_sort\_按题材分类\ドリームクラブ","205814","2010/12/5 6:49"
